--------------------------------------------------------
--  File created - czwartek-maj-07-2015   
--------------------------------------------------------
--------------------------------------------------------
--  DDL for Sequence IDADDRESS
--------------------------------------------------------

   CREATE SEQUENCE  "MEDICALCLINIC"."IDADDRESS"  MINVALUE 1 MAXVALUE 9999999999999999999999999999 INCREMENT BY 1 START WITH 1 CACHE 20 NOORDER  NOCYCLE ;
--------------------------------------------------------
--  DDL for Sequence IDCLINICS
--------------------------------------------------------

   CREATE SEQUENCE  "MEDICALCLINIC"."IDCLINICS"  MINVALUE 1 MAXVALUE 9999999999999999999999999999 INCREMENT BY 1 START WITH 1 CACHE 20 NOORDER  NOCYCLE ;
--------------------------------------------------------
--  DDL for Sequence IDCOMMISIONED_HEALTH_CHECK
--------------------------------------------------------

   CREATE SEQUENCE  "MEDICALCLINIC"."IDCOMMISIONED_HEALTH_CHECK"  MINVALUE 1 MAXVALUE 9999999999999999999999999999 INCREMENT BY 1 START WITH 1 CACHE 20 NOORDER  NOCYCLE ;
--------------------------------------------------------
--  DDL for Sequence IDCOUNTIES
--------------------------------------------------------

   CREATE SEQUENCE  "MEDICALCLINIC"."IDCOUNTIES"  MINVALUE 1 MAXVALUE 9999999999999999999999999999 INCREMENT BY 1 START WITH 1 CACHE 20 NOORDER  NOCYCLE ;
--------------------------------------------------------
--  DDL for Sequence IDDISEASES
--------------------------------------------------------

   CREATE SEQUENCE  "MEDICALCLINIC"."IDDISEASES"  MINVALUE 1 MAXVALUE 9999999999999999999999999999 INCREMENT BY 1 START WITH 1 CACHE 20 NOORDER  NOCYCLE ;
--------------------------------------------------------
--  DDL for Sequence IDDOCTOR
--------------------------------------------------------

   CREATE SEQUENCE  "MEDICALCLINIC"."IDDOCTOR"  MINVALUE 1 MAXVALUE 9999999999999999999999999999 INCREMENT BY 1 START WITH 1 CACHE 20 NOORDER  NOCYCLE ;
--------------------------------------------------------
--  DDL for Sequence IDDOCTOROFFICE
--------------------------------------------------------

   CREATE SEQUENCE  "MEDICALCLINIC"."IDDOCTOROFFICE"  MINVALUE 1 MAXVALUE 9999999999999999999999999999 INCREMENT BY 1 START WITH 1 CACHE 20 NOORDER  NOCYCLE ;
--------------------------------------------------------
--  DDL for Sequence IDDPT
--------------------------------------------------------

   CREATE SEQUENCE  "MEDICALCLINIC"."IDDPT"  MINVALUE 1 MAXVALUE 9999999999999999999999999999 INCREMENT BY 1 START WITH 21 CACHE 20 NOORDER  NOCYCLE ;
--------------------------------------------------------
--  DDL for Sequence IDDRUGS
--------------------------------------------------------

   CREATE SEQUENCE  "MEDICALCLINIC"."IDDRUGS"  MINVALUE 1 MAXVALUE 9999999999999999999999999999 INCREMENT BY 1 START WITH 1 CACHE 20 NOORDER  NOCYCLE ;
--------------------------------------------------------
--  DDL for Sequence IDEMPLOYEE
--------------------------------------------------------

   CREATE SEQUENCE  "MEDICALCLINIC"."IDEMPLOYEE"  MINVALUE 1 MAXVALUE 9999999999999999999999999999 INCREMENT BY 1 START WITH 21 CACHE 20 NOORDER  NOCYCLE ;
--------------------------------------------------------
--  DDL for Sequence IDHEALTHCHECK
--------------------------------------------------------

   CREATE SEQUENCE  "MEDICALCLINIC"."IDHEALTHCHECK"  MINVALUE 1 MAXVALUE 9999999999999999999999999999 INCREMENT BY 1 START WITH 1 CACHE 20 NOORDER  NOCYCLE ;
--------------------------------------------------------
--  DDL for Sequence IDHISTORYDISEASES
--------------------------------------------------------

   CREATE SEQUENCE  "MEDICALCLINIC"."IDHISTORYDISEASES"  MINVALUE 1 MAXVALUE 9999999999999999999999999999 INCREMENT BY 1 START WITH 1 CACHE 20 NOORDER  NOCYCLE ;
--------------------------------------------------------
--  DDL for Sequence IDLEAVEDOCTOR
--------------------------------------------------------

   CREATE SEQUENCE  "MEDICALCLINIC"."IDLEAVEDOCTOR"  MINVALUE 1 MAXVALUE 9999999999999999999999999999 INCREMENT BY 1 START WITH 1 CACHE 2 NOORDER  NOCYCLE ;
--------------------------------------------------------
--  DDL for Sequence IDLOCALITY
--------------------------------------------------------

   CREATE SEQUENCE  "MEDICALCLINIC"."IDLOCALITY"  MINVALUE 1 MAXVALUE 9999999999999999999999999999 INCREMENT BY 1 START WITH 1 CACHE 20 NOORDER  NOCYCLE ;
--------------------------------------------------------
--  DDL for Sequence IDNURSE
--------------------------------------------------------

   CREATE SEQUENCE  "MEDICALCLINIC"."IDNURSE"  MINVALUE 1 MAXVALUE 9999999999999999999999999999 INCREMENT BY 1 START WITH 1 CACHE 20 NOORDER  NOCYCLE ;
--------------------------------------------------------
--  DDL for Sequence IDOTHEREMPLOYEE
--------------------------------------------------------

   CREATE SEQUENCE  "MEDICALCLINIC"."IDOTHEREMPLOYEE"  MINVALUE 1 MAXVALUE 9999999999999999999999999999 INCREMENT BY 1 START WITH 1 CACHE 20 NOORDER  NOCYCLE ;
--------------------------------------------------------
--  DDL for Sequence IDPATIENT
--------------------------------------------------------

   CREATE SEQUENCE  "MEDICALCLINIC"."IDPATIENT"  MINVALUE 1 MAXVALUE 9999999999999999999999999999 INCREMENT BY 1 START WITH 1 CACHE 20 NOORDER  NOCYCLE ;
--------------------------------------------------------
--  DDL for Sequence IDPERMISSIONS
--------------------------------------------------------

   CREATE SEQUENCE  "MEDICALCLINIC"."IDPERMISSIONS"  MINVALUE 1 MAXVALUE 9999999999999999999999999999 INCREMENT BY 1 START WITH 1 CACHE 20 NOORDER  NOCYCLE ;
--------------------------------------------------------
--  DDL for Sequence IDPERRMISIONS
--------------------------------------------------------

   CREATE SEQUENCE  "MEDICALCLINIC"."IDPERRMISIONS"  MINVALUE 1 MAXVALUE 9999999999999999999999999999 INCREMENT BY 1 START WITH 1 CACHE 2 NOORDER  NOCYCLE ;
--------------------------------------------------------
--  DDL for Sequence IDPOSTOFFICE
--------------------------------------------------------

   CREATE SEQUENCE  "MEDICALCLINIC"."IDPOSTOFFICE"  MINVALUE 1 MAXVALUE 9999999999999999999999999999 INCREMENT BY 1 START WITH 1 CACHE 20 NOORDER  NOCYCLE ;
--------------------------------------------------------
--  DDL for Sequence IDPROVINCE
--------------------------------------------------------

   CREATE SEQUENCE  "MEDICALCLINIC"."IDPROVINCE"  MINVALUE 1 MAXVALUE 9999999999999999999999999999 INCREMENT BY 1 START WITH 1 CACHE 20 NOORDER  NOCYCLE ;
--------------------------------------------------------
--  DDL for Sequence IDSAVEDRUGS
--------------------------------------------------------

   CREATE SEQUENCE  "MEDICALCLINIC"."IDSAVEDRUGS"  MINVALUE 1 MAXVALUE 9999999999999999999999999999 INCREMENT BY 1 START WITH 1 CACHE 20 NOORDER  NOCYCLE ;
--------------------------------------------------------
--  DDL for Sequence IDSCHULEVISITS
--------------------------------------------------------

   CREATE SEQUENCE  "MEDICALCLINIC"."IDSCHULEVISITS"  MINVALUE 1 MAXVALUE 9999999999999999999999999999 INCREMENT BY 1 START WITH 1 CACHE 20 NOORDER  NOCYCLE ;
--------------------------------------------------------
--  DDL for Sequence IDSPECJALITY
--------------------------------------------------------

   CREATE SEQUENCE  "MEDICALCLINIC"."IDSPECJALITY"  MINVALUE 1 MAXVALUE 9999999999999999999999999999 INCREMENT BY 1 START WITH 1 CACHE 20 NOORDER  NOCYCLE ;
--------------------------------------------------------
--  DDL for Sequence IDSPECJALITYDOCTOR
--------------------------------------------------------

   CREATE SEQUENCE  "MEDICALCLINIC"."IDSPECJALITYDOCTOR"  MINVALUE 1 MAXVALUE 9999999999999999999999999999 INCREMENT BY 1 START WITH 1 CACHE 20 NOORDER  NOCYCLE ;
--------------------------------------------------------
--  DDL for Sequence IDSTREETS
--------------------------------------------------------

   CREATE SEQUENCE  "MEDICALCLINIC"."IDSTREETS"  MINVALUE 1 MAXVALUE 9999999999999999999999999999 INCREMENT BY 1 START WITH 1 CACHE 20 NOORDER  NOCYCLE ;
--------------------------------------------------------
--  DDL for Sequence IDUSER
--------------------------------------------------------

   CREATE SEQUENCE  "MEDICALCLINIC"."IDUSER"  MINVALUE 1 MAXVALUE 9999999999999999999999999999 INCREMENT BY 1 START WITH 1 CACHE 20 NOORDER  NOCYCLE ;
--------------------------------------------------------
--  DDL for Sequence IDVISITS
--------------------------------------------------------

   CREATE SEQUENCE  "MEDICALCLINIC"."IDVISITS"  MINVALUE 1 MAXVALUE 9999999999999999999999999999 INCREMENT BY 1 START WITH 1 CACHE 20 NOORDER  NOCYCLE ;
--------------------------------------------------------
--  DDL for Table ADDRESS
--------------------------------------------------------

  CREATE TABLE "MEDICALCLINIC"."ADDRESS" 
   (	"ID_ADDRESS" NUMBER, 
	"ID_LOCALITY" NUMBER, 
	"ID_POSTOFFICE" NUMBER, 
	"ID_STREETS" NUMBER, 
	"ID_COUNTIES" NUMBER, 
	"HOUSE_NUMBER" VARCHAR2(10 BYTE)
   ) SEGMENT CREATION IMMEDIATE 
  PCTFREE 10 PCTUSED 40 INITRANS 1 MAXTRANS 255 NOCOMPRESS LOGGING
  STORAGE(INITIAL 65536 NEXT 1048576 MINEXTENTS 1 MAXEXTENTS 2147483645
  PCTINCREASE 0 FREELISTS 1 FREELIST GROUPS 1 BUFFER_POOL DEFAULT FLASH_CACHE DEFAULT CELL_FLASH_CACHE DEFAULT)
  TABLESPACE "USERS" ;
--------------------------------------------------------
--  DDL for Table CLINICS
--------------------------------------------------------

  CREATE TABLE "MEDICALCLINIC"."CLINICS" 
   (	"ID_CLINICS" NUMBER, 
	"NAME" VARCHAR2(80 BYTE)
   ) SEGMENT CREATION IMMEDIATE 
  PCTFREE 10 PCTUSED 40 INITRANS 1 MAXTRANS 255 NOCOMPRESS LOGGING
  STORAGE(INITIAL 65536 NEXT 1048576 MINEXTENTS 1 MAXEXTENTS 2147483645
  PCTINCREASE 0 FREELISTS 1 FREELIST GROUPS 1 BUFFER_POOL DEFAULT FLASH_CACHE DEFAULT CELL_FLASH_CACHE DEFAULT)
  TABLESPACE "USERS" ;
--------------------------------------------------------
--  DDL for Table COMMISSIONED_HEALTH_CHECK
--------------------------------------------------------

  CREATE TABLE "MEDICALCLINIC"."COMMISSIONED_HEALTH_CHECK" 
   (	"ID_CHC" NUMBER, 
	"ID_HEALTH" NUMBER, 
	"ID_VISTS" NUMBER, 
	"ID_PATIENT" NUMBER
   ) SEGMENT CREATION IMMEDIATE 
  PCTFREE 10 PCTUSED 40 INITRANS 1 MAXTRANS 255 NOCOMPRESS LOGGING
  STORAGE(INITIAL 65536 NEXT 1048576 MINEXTENTS 1 MAXEXTENTS 2147483645
  PCTINCREASE 0 FREELISTS 1 FREELIST GROUPS 1 BUFFER_POOL DEFAULT FLASH_CACHE DEFAULT CELL_FLASH_CACHE DEFAULT)
  TABLESPACE "USERS" ;
--------------------------------------------------------
--  DDL for Table COUNTIES
--------------------------------------------------------

  CREATE TABLE "MEDICALCLINIC"."COUNTIES" 
   (	"ID_COUNTIES" NUMBER, 
	"ID_PROVINCE" NUMBER, 
	"NAME" VARCHAR2(50 BYTE)
   ) SEGMENT CREATION IMMEDIATE 
  PCTFREE 10 PCTUSED 40 INITRANS 1 MAXTRANS 255 NOCOMPRESS LOGGING
  STORAGE(INITIAL 65536 NEXT 1048576 MINEXTENTS 1 MAXEXTENTS 2147483645
  PCTINCREASE 0 FREELISTS 1 FREELIST GROUPS 1 BUFFER_POOL DEFAULT FLASH_CACHE DEFAULT CELL_FLASH_CACHE DEFAULT)
  TABLESPACE "USERS" ;
--------------------------------------------------------
--  DDL for Table DEPARTMENT
--------------------------------------------------------

  CREATE TABLE "MEDICALCLINIC"."DEPARTMENT" 
   (	"DEPARTMENT_ID" NUMBER, 
	"DPT_NAME" VARCHAR2(20 BYTE) DEFAULT 0
   ) SEGMENT CREATION IMMEDIATE 
  PCTFREE 10 PCTUSED 40 INITRANS 1 MAXTRANS 255 NOCOMPRESS LOGGING
  STORAGE(INITIAL 65536 NEXT 1048576 MINEXTENTS 1 MAXEXTENTS 2147483645
  PCTINCREASE 0 FREELISTS 1 FREELIST GROUPS 1 BUFFER_POOL DEFAULT FLASH_CACHE DEFAULT CELL_FLASH_CACHE DEFAULT)
  TABLESPACE "USERS" ;
--------------------------------------------------------
--  DDL for Table DISEASES
--------------------------------------------------------

  CREATE TABLE "MEDICALCLINIC"."DISEASES" 
   (	"ID_DISEASES" NUMBER, 
	"NAME" VARCHAR2(30 BYTE)
   ) SEGMENT CREATION IMMEDIATE 
  PCTFREE 10 PCTUSED 40 INITRANS 1 MAXTRANS 255 NOCOMPRESS LOGGING
  STORAGE(INITIAL 65536 NEXT 1048576 MINEXTENTS 1 MAXEXTENTS 2147483645
  PCTINCREASE 0 FREELISTS 1 FREELIST GROUPS 1 BUFFER_POOL DEFAULT FLASH_CACHE DEFAULT CELL_FLASH_CACHE DEFAULT)
  TABLESPACE "USERS" ;
--------------------------------------------------------
--  DDL for Table DOCTOR
--------------------------------------------------------

  CREATE TABLE "MEDICALCLINIC"."DOCTOR" 
   (	"ID_DOCTOR" NUMBER, 
	"NAME" VARCHAR2(50 BYTE), 
	"SURNAME" VARCHAR2(50 BYTE)
   ) SEGMENT CREATION IMMEDIATE 
  PCTFREE 10 PCTUSED 40 INITRANS 1 MAXTRANS 255 NOCOMPRESS LOGGING
  STORAGE(INITIAL 65536 NEXT 1048576 MINEXTENTS 1 MAXEXTENTS 2147483645
  PCTINCREASE 0 FREELISTS 1 FREELIST GROUPS 1 BUFFER_POOL DEFAULT FLASH_CACHE DEFAULT CELL_FLASH_CACHE DEFAULT)
  TABLESPACE "USERS" ;
--------------------------------------------------------
--  DDL for Table DOCTOR_OFFICE_HOURS
--------------------------------------------------------

  CREATE TABLE "MEDICALCLINIC"."DOCTOR_OFFICE_HOURS" 
   (	"ID_DOC" NUMBER, 
	"ID_CLINICS" NUMBER, 
	"HOURS_FROM" VARCHAR2(20 BYTE), 
	"HOURS_TO" VARCHAR2(20 BYTE), 
	"ID_DOCTOR" NUMBER
   ) SEGMENT CREATION IMMEDIATE 
  PCTFREE 10 PCTUSED 40 INITRANS 1 MAXTRANS 255 NOCOMPRESS LOGGING
  STORAGE(INITIAL 65536 NEXT 1048576 MINEXTENTS 1 MAXEXTENTS 2147483645
  PCTINCREASE 0 FREELISTS 1 FREELIST GROUPS 1 BUFFER_POOL DEFAULT FLASH_CACHE DEFAULT CELL_FLASH_CACHE DEFAULT)
  TABLESPACE "USERS" ;
--------------------------------------------------------
--  DDL for Table DRUGS
--------------------------------------------------------

  CREATE TABLE "MEDICALCLINIC"."DRUGS" 
   (	"ID_DURGS" NUMBER, 
	"NAME" VARCHAR2(20 BYTE)
   ) SEGMENT CREATION IMMEDIATE 
  PCTFREE 10 PCTUSED 40 INITRANS 1 MAXTRANS 255 NOCOMPRESS LOGGING
  STORAGE(INITIAL 65536 NEXT 1048576 MINEXTENTS 1 MAXEXTENTS 2147483645
  PCTINCREASE 0 FREELISTS 1 FREELIST GROUPS 1 BUFFER_POOL DEFAULT FLASH_CACHE DEFAULT CELL_FLASH_CACHE DEFAULT)
  TABLESPACE "USERS" ;
--------------------------------------------------------
--  DDL for Table EMPLOYEE
--------------------------------------------------------

  CREATE TABLE "MEDICALCLINIC"."EMPLOYEE" 
   (	"EMPLOYEE_ID" NUMBER, 
	"FIRSTNAME" VARCHAR2(50 BYTE), 
	"LASTNAME" VARCHAR2(20 BYTE), 
	"CELL_PHONE" VARCHAR2(20 BYTE), 
	"DEPARTMENT_ID" NUMBER, 
	"IDX" NUMBER DEFAULT null
   ) SEGMENT CREATION IMMEDIATE 
  PCTFREE 10 PCTUSED 40 INITRANS 1 MAXTRANS 255 NOCOMPRESS LOGGING
  STORAGE(INITIAL 65536 NEXT 1048576 MINEXTENTS 1 MAXEXTENTS 2147483645
  PCTINCREASE 0 FREELISTS 1 FREELIST GROUPS 1 BUFFER_POOL DEFAULT FLASH_CACHE DEFAULT CELL_FLASH_CACHE DEFAULT)
  TABLESPACE "USERS" ;
--------------------------------------------------------
--  DDL for Table HEALTH_CHECK
--------------------------------------------------------

  CREATE TABLE "MEDICALCLINIC"."HEALTH_CHECK" 
   (	"ID_HEALTH" NUMBER, 
	"NAME" VARCHAR2(50 BYTE)
   ) SEGMENT CREATION IMMEDIATE 
  PCTFREE 10 PCTUSED 40 INITRANS 1 MAXTRANS 255 NOCOMPRESS LOGGING
  STORAGE(INITIAL 65536 NEXT 1048576 MINEXTENTS 1 MAXEXTENTS 2147483645
  PCTINCREASE 0 FREELISTS 1 FREELIST GROUPS 1 BUFFER_POOL DEFAULT FLASH_CACHE DEFAULT CELL_FLASH_CACHE DEFAULT)
  TABLESPACE "USERS" ;
--------------------------------------------------------
--  DDL for Table HISTORY_DISEASES
--------------------------------------------------------

  CREATE TABLE "MEDICALCLINIC"."HISTORY_DISEASES" 
   (	"ID_HISTORY" NUMBER, 
	"ID_PATIENT" NUMBER, 
	"ID_DISEASES" NUMBER, 
	"ID_VISITS" NUMBER
   ) SEGMENT CREATION IMMEDIATE 
  PCTFREE 10 PCTUSED 40 INITRANS 1 MAXTRANS 255 NOCOMPRESS LOGGING
  STORAGE(INITIAL 65536 NEXT 1048576 MINEXTENTS 1 MAXEXTENTS 2147483645
  PCTINCREASE 0 FREELISTS 1 FREELIST GROUPS 1 BUFFER_POOL DEFAULT FLASH_CACHE DEFAULT CELL_FLASH_CACHE DEFAULT)
  TABLESPACE "USERS" ;
--------------------------------------------------------
--  DDL for Table LEAVE_DOCTOR
--------------------------------------------------------

  CREATE TABLE "MEDICALCLINIC"."LEAVE_DOCTOR" 
   (	"ID_LEAVE" NUMBER, 
	"ID_DOCTOR" NUMBER, 
	"DATE_FORM" DATE, 
	"DATE_TO" DATE
   ) SEGMENT CREATION IMMEDIATE 
  PCTFREE 10 PCTUSED 40 INITRANS 1 MAXTRANS 255 NOCOMPRESS LOGGING
  STORAGE(INITIAL 65536 NEXT 1048576 MINEXTENTS 1 MAXEXTENTS 2147483645
  PCTINCREASE 0 FREELISTS 1 FREELIST GROUPS 1 BUFFER_POOL DEFAULT FLASH_CACHE DEFAULT CELL_FLASH_CACHE DEFAULT)
  TABLESPACE "USERS" ;
--------------------------------------------------------
--  DDL for Table LOCALITY
--------------------------------------------------------

  CREATE TABLE "MEDICALCLINIC"."LOCALITY" 
   (	"ID_LOCALITY" NUMBER, 
	"NAME" VARCHAR2(60 BYTE), 
	"COUNTY" NUMBER(*,0), 
	"VILLAGE" NUMBER(*,0)
   ) SEGMENT CREATION IMMEDIATE 
  PCTFREE 10 PCTUSED 40 INITRANS 1 MAXTRANS 255 NOCOMPRESS LOGGING
  STORAGE(INITIAL 65536 NEXT 1048576 MINEXTENTS 1 MAXEXTENTS 2147483645
  PCTINCREASE 0 FREELISTS 1 FREELIST GROUPS 1 BUFFER_POOL DEFAULT FLASH_CACHE DEFAULT CELL_FLASH_CACHE DEFAULT)
  TABLESPACE "USERS" ;
--------------------------------------------------------
--  DDL for Table NURSE
--------------------------------------------------------

  CREATE TABLE "MEDICALCLINIC"."NURSE" 
   (	"ID_NURSE" NUMBER, 
	"NAME" VARCHAR2(40 BYTE), 
	"SURNAME" VARCHAR2(60 BYTE), 
	"POSITION" VARCHAR2(40 BYTE)
   ) SEGMENT CREATION IMMEDIATE 
  PCTFREE 10 PCTUSED 40 INITRANS 1 MAXTRANS 255 NOCOMPRESS LOGGING
  STORAGE(INITIAL 65536 NEXT 1048576 MINEXTENTS 1 MAXEXTENTS 2147483645
  PCTINCREASE 0 FREELISTS 1 FREELIST GROUPS 1 BUFFER_POOL DEFAULT FLASH_CACHE DEFAULT CELL_FLASH_CACHE DEFAULT)
  TABLESPACE "USERS" ;
--------------------------------------------------------
--  DDL for Table OTHER_EMPLOYEE
--------------------------------------------------------

  CREATE TABLE "MEDICALCLINIC"."OTHER_EMPLOYEE" 
   (	"ID_EMPLOYEE" NUMBER, 
	"NAME" VARCHAR2(50 BYTE), 
	"SURNAME" VARCHAR2(60 BYTE), 
	"POSITION" VARCHAR2(20 BYTE)
   ) SEGMENT CREATION IMMEDIATE 
  PCTFREE 10 PCTUSED 40 INITRANS 1 MAXTRANS 255 NOCOMPRESS LOGGING
  STORAGE(INITIAL 65536 NEXT 1048576 MINEXTENTS 1 MAXEXTENTS 2147483645
  PCTINCREASE 0 FREELISTS 1 FREELIST GROUPS 1 BUFFER_POOL DEFAULT FLASH_CACHE DEFAULT CELL_FLASH_CACHE DEFAULT)
  TABLESPACE "USERS" ;
--------------------------------------------------------
--  DDL for Table PATIENT
--------------------------------------------------------

  CREATE TABLE "MEDICALCLINIC"."PATIENT" 
   (	"ID_PATIENT" NUMBER, 
	"NAME" VARCHAR2(30 BYTE), 
	"SURNAME" VARCHAR2(60 BYTE), 
	"PESEL" VARCHAR2(10 BYTE), 
	"INSURANCE" VARCHAR2(20 BYTE), 
	"ID_ADDRESS" NUMBER
   ) SEGMENT CREATION IMMEDIATE 
  PCTFREE 10 PCTUSED 40 INITRANS 1 MAXTRANS 255 NOCOMPRESS LOGGING
  STORAGE(INITIAL 65536 NEXT 1048576 MINEXTENTS 1 MAXEXTENTS 2147483645
  PCTINCREASE 0 FREELISTS 1 FREELIST GROUPS 1 BUFFER_POOL DEFAULT FLASH_CACHE DEFAULT CELL_FLASH_CACHE DEFAULT)
  TABLESPACE "USERS" ;
--------------------------------------------------------
--  DDL for Table PERMISSIONS
--------------------------------------------------------

  CREATE TABLE "MEDICALCLINIC"."PERMISSIONS" 
   (	"ID_PERMISSIONS" NUMBER, 
	"NAME" VARCHAR2(20 BYTE), 
	"MODIFY_USERS" NUMBER(*,0) DEFAULT 0, 
	"ADD_USERS" NUMBER(*,0) DEFAULT 0, 
	"DELETE_USERS" NUMBER(*,0) DEFAULT 0, 
	"SAVE_DOCTOR" NUMBER(*,0) DEFAULT 0, 
	"SHOW_HISTRY" NUMBER(*,0) DEFAULT 0, 
	"COMMISSIONED_HEALTH" NUMBER(*,0) DEFAULT 0, 
	"SAVE_DRUGS" NUMBER(*,0) DEFAULT 0, 
	"ADD_RESULTS" NUMBER(*,0) DEFAULT 0, 
	"SHOW_RESULTS_HEALTH" NUMBER(*,0) DEFAULT 0
   ) SEGMENT CREATION IMMEDIATE 
  PCTFREE 10 PCTUSED 40 INITRANS 1 MAXTRANS 255 NOCOMPRESS LOGGING
  STORAGE(INITIAL 65536 NEXT 1048576 MINEXTENTS 1 MAXEXTENTS 2147483645
  PCTINCREASE 0 FREELISTS 1 FREELIST GROUPS 1 BUFFER_POOL DEFAULT FLASH_CACHE DEFAULT CELL_FLASH_CACHE DEFAULT)
  TABLESPACE "USERS" ;

   COMMENT ON COLUMN "MEDICALCLINIC"."PERMISSIONS"."MODIFY_USERS" IS '1 or 0';
   COMMENT ON COLUMN "MEDICALCLINIC"."PERMISSIONS"."ADD_USERS" IS '1 or 0';
   COMMENT ON COLUMN "MEDICALCLINIC"."PERMISSIONS"."DELETE_USERS" IS '1 or 0';
   COMMENT ON COLUMN "MEDICALCLINIC"."PERMISSIONS"."SAVE_DOCTOR" IS '1 or 0';
   COMMENT ON COLUMN "MEDICALCLINIC"."PERMISSIONS"."SHOW_HISTRY" IS '1 or 0';
   COMMENT ON COLUMN "MEDICALCLINIC"."PERMISSIONS"."COMMISSIONED_HEALTH" IS '1 or 0';
   COMMENT ON COLUMN "MEDICALCLINIC"."PERMISSIONS"."SAVE_DRUGS" IS '1 or 0';
   COMMENT ON COLUMN "MEDICALCLINIC"."PERMISSIONS"."ADD_RESULTS" IS '1 or 0';
   COMMENT ON COLUMN "MEDICALCLINIC"."PERMISSIONS"."SHOW_RESULTS_HEALTH" IS '1 or 0';
--------------------------------------------------------
--  DDL for Table POST_OFFICE
--------------------------------------------------------

  CREATE TABLE "MEDICALCLINIC"."POST_OFFICE" 
   (	"ID_POSTOFFICE" NUMBER, 
	"ID_LOCALITY" NUMBER, 
	"CODE" VARCHAR2(8 BYTE)
   ) SEGMENT CREATION IMMEDIATE 
  PCTFREE 10 PCTUSED 40 INITRANS 1 MAXTRANS 255 NOCOMPRESS LOGGING
  STORAGE(INITIAL 65536 NEXT 1048576 MINEXTENTS 1 MAXEXTENTS 2147483645
  PCTINCREASE 0 FREELISTS 1 FREELIST GROUPS 1 BUFFER_POOL DEFAULT FLASH_CACHE DEFAULT CELL_FLASH_CACHE DEFAULT)
  TABLESPACE "USERS" ;
--------------------------------------------------------
--  DDL for Table PRESCRIPTION
--------------------------------------------------------

  CREATE TABLE "MEDICALCLINIC"."PRESCRIPTION" 
   (	"ID_PRESCRIPTION" NUMBER, 
	"PRESCRIPTION" BLOB, 
	"ID_PATIENT" NUMBER
   ) SEGMENT CREATION IMMEDIATE 
  PCTFREE 10 PCTUSED 40 INITRANS 1 MAXTRANS 255 NOCOMPRESS LOGGING
  STORAGE(INITIAL 65536 NEXT 1048576 MINEXTENTS 1 MAXEXTENTS 2147483645
  PCTINCREASE 0 FREELISTS 1 FREELIST GROUPS 1 BUFFER_POOL DEFAULT FLASH_CACHE DEFAULT CELL_FLASH_CACHE DEFAULT)
  TABLESPACE "USERS" 
 LOB ("PRESCRIPTION") STORE AS BASICFILE (
  TABLESPACE "USERS" ENABLE STORAGE IN ROW CHUNK 8192 RETENTION 
  NOCACHE LOGGING 
  STORAGE(INITIAL 65536 NEXT 1048576 MINEXTENTS 1 MAXEXTENTS 2147483645
  PCTINCREASE 0 FREELISTS 1 FREELIST GROUPS 1 BUFFER_POOL DEFAULT FLASH_CACHE DEFAULT CELL_FLASH_CACHE DEFAULT)) ;
--------------------------------------------------------
--  DDL for Table PROVINCE
--------------------------------------------------------

  CREATE TABLE "MEDICALCLINIC"."PROVINCE" 
   (	"ID_PROVINCE" NUMBER, 
	"NAME" VARCHAR2(30 BYTE)
   ) SEGMENT CREATION IMMEDIATE 
  PCTFREE 10 PCTUSED 40 INITRANS 1 MAXTRANS 255 NOCOMPRESS LOGGING
  STORAGE(INITIAL 65536 NEXT 1048576 MINEXTENTS 1 MAXEXTENTS 2147483645
  PCTINCREASE 0 FREELISTS 1 FREELIST GROUPS 1 BUFFER_POOL DEFAULT FLASH_CACHE DEFAULT CELL_FLASH_CACHE DEFAULT)
  TABLESPACE "USERS" ;
--------------------------------------------------------
--  DDL for Table SAVE_DRUGS
--------------------------------------------------------

  CREATE TABLE "MEDICALCLINIC"."SAVE_DRUGS" 
   (	"ID_SD" NUMBER, 
	"ID_VISITS" NUMBER, 
	"ID_DRUGS" NUMBER, 
	"ID_PATIENT" NUMBER
   ) SEGMENT CREATION IMMEDIATE 
  PCTFREE 10 PCTUSED 40 INITRANS 1 MAXTRANS 255 NOCOMPRESS LOGGING
  STORAGE(INITIAL 65536 NEXT 1048576 MINEXTENTS 1 MAXEXTENTS 2147483645
  PCTINCREASE 0 FREELISTS 1 FREELIST GROUPS 1 BUFFER_POOL DEFAULT FLASH_CACHE DEFAULT CELL_FLASH_CACHE DEFAULT)
  TABLESPACE "USERS" ;
--------------------------------------------------------
--  DDL for Table SCHEDULE_VISITS
--------------------------------------------------------

  CREATE TABLE "MEDICALCLINIC"."SCHEDULE_VISITS" 
   (	"ID_SV" NUMBER, 
	"ID_DOCTOR" NUMBER, 
	"ID_CLINICS" NUMBER, 
	"ID_PATIENT" NUMBER, 
	"DATE_SV" DATE, 
	"HOURS_SV" VARCHAR2(20 BYTE)
   ) SEGMENT CREATION IMMEDIATE 
  PCTFREE 10 PCTUSED 40 INITRANS 1 MAXTRANS 255 NOCOMPRESS LOGGING
  STORAGE(INITIAL 65536 NEXT 1048576 MINEXTENTS 1 MAXEXTENTS 2147483645
  PCTINCREASE 0 FREELISTS 1 FREELIST GROUPS 1 BUFFER_POOL DEFAULT FLASH_CACHE DEFAULT CELL_FLASH_CACHE DEFAULT)
  TABLESPACE "USERS" ;
--------------------------------------------------------
--  DDL for Table SPECJALITY
--------------------------------------------------------

  CREATE TABLE "MEDICALCLINIC"."SPECJALITY" 
   (	"ID_SPECJALITY" NUMBER, 
	"NAME" VARCHAR2(60 BYTE)
   ) SEGMENT CREATION IMMEDIATE 
  PCTFREE 10 PCTUSED 40 INITRANS 1 MAXTRANS 255 NOCOMPRESS LOGGING
  STORAGE(INITIAL 65536 NEXT 1048576 MINEXTENTS 1 MAXEXTENTS 2147483645
  PCTINCREASE 0 FREELISTS 1 FREELIST GROUPS 1 BUFFER_POOL DEFAULT FLASH_CACHE DEFAULT CELL_FLASH_CACHE DEFAULT)
  TABLESPACE "USERS" ;
--------------------------------------------------------
--  DDL for Table SPECJALITY_DOCTOR
--------------------------------------------------------

  CREATE TABLE "MEDICALCLINIC"."SPECJALITY_DOCTOR" 
   (	"ID_SPECJALITY_DOCTOR" NUMBER, 
	"ID_DOCTOR" NUMBER, 
	"ID_SPECJALITY" NUMBER
   ) SEGMENT CREATION IMMEDIATE 
  PCTFREE 10 PCTUSED 40 INITRANS 1 MAXTRANS 255 NOCOMPRESS LOGGING
  STORAGE(INITIAL 65536 NEXT 1048576 MINEXTENTS 1 MAXEXTENTS 2147483645
  PCTINCREASE 0 FREELISTS 1 FREELIST GROUPS 1 BUFFER_POOL DEFAULT FLASH_CACHE DEFAULT CELL_FLASH_CACHE DEFAULT)
  TABLESPACE "USERS" ;
--------------------------------------------------------
--  DDL for Table STREETS
--------------------------------------------------------

  CREATE TABLE "MEDICALCLINIC"."STREETS" 
   (	"ID_STREETS" NUMBER, 
	"NAME" VARCHAR2(60 BYTE)
   ) SEGMENT CREATION IMMEDIATE 
  PCTFREE 10 PCTUSED 40 INITRANS 1 MAXTRANS 255 NOCOMPRESS LOGGING
  STORAGE(INITIAL 65536 NEXT 1048576 MINEXTENTS 1 MAXEXTENTS 2147483645
  PCTINCREASE 0 FREELISTS 1 FREELIST GROUPS 1 BUFFER_POOL DEFAULT FLASH_CACHE DEFAULT CELL_FLASH_CACHE DEFAULT)
  TABLESPACE "USERS" ;
--------------------------------------------------------
--  DDL for Table USERS
--------------------------------------------------------

  CREATE TABLE "MEDICALCLINIC"."USERS" 
   (	"ID_USERS" NUMBER, 
	"ID_DOCTOR" NUMBER, 
	"ID_PATIENT" NUMBER, 
	"ID_NURSE" NUMBER, 
	"ID_OTHER" NUMBER, 
	"ID_PERMISSIONS" NUMBER, 
	"E_MAIL" VARCHAR2(40 BYTE), 
	"PHONE_NUMBER" VARCHAR2(20 BYTE), 
	"LOGIN" VARCHAR2(20 BYTE), 
	"PASSWORD" VARCHAR2(20 BYTE)
   ) SEGMENT CREATION IMMEDIATE 
  PCTFREE 10 PCTUSED 40 INITRANS 1 MAXTRANS 255 NOCOMPRESS LOGGING
  STORAGE(INITIAL 65536 NEXT 1048576 MINEXTENTS 1 MAXEXTENTS 2147483645
  PCTINCREASE 0 FREELISTS 1 FREELIST GROUPS 1 BUFFER_POOL DEFAULT FLASH_CACHE DEFAULT CELL_FLASH_CACHE DEFAULT)
  TABLESPACE "USERS" ;
--------------------------------------------------------
--  DDL for Table VISITS
--------------------------------------------------------

  CREATE TABLE "MEDICALCLINIC"."VISITS" 
   (	"ID_VISITS" NUMBER, 
	"ID_DISEASES" NUMBER, 
	"ID_PATIENT" NUMBER, 
	"DATE_VISIT" DATE, 
	"ID_DOCTOR" NUMBER
   ) SEGMENT CREATION IMMEDIATE 
  PCTFREE 10 PCTUSED 40 INITRANS 1 MAXTRANS 255 NOCOMPRESS LOGGING
  STORAGE(INITIAL 65536 NEXT 1048576 MINEXTENTS 1 MAXEXTENTS 2147483645
  PCTINCREASE 0 FREELISTS 1 FREELIST GROUPS 1 BUFFER_POOL DEFAULT FLASH_CACHE DEFAULT CELL_FLASH_CACHE DEFAULT)
  TABLESPACE "USERS" ;
REM INSERTING into MEDICALCLINIC.ADDRESS
SET DEFINE OFF;
REM INSERTING into MEDICALCLINIC.CLINICS
SET DEFINE OFF;
REM INSERTING into MEDICALCLINIC.COMMISSIONED_HEALTH_CHECK
SET DEFINE OFF;
REM INSERTING into MEDICALCLINIC.COUNTIES
SET DEFINE OFF;
REM INSERTING into MEDICALCLINIC.DEPARTMENT
SET DEFINE OFF;
Insert into MEDICALCLINIC.DEPARTMENT (DEPARTMENT_ID,DPT_NAME) values ('22','Sales');
Insert into MEDICALCLINIC.DEPARTMENT (DEPARTMENT_ID,DPT_NAME) values ('23','Sales');
Insert into MEDICALCLINIC.DEPARTMENT (DEPARTMENT_ID,DPT_NAME) values ('3','IT3');
Insert into MEDICALCLINIC.DEPARTMENT (DEPARTMENT_ID,DPT_NAME) values ('1','IT');
Insert into MEDICALCLINIC.DEPARTMENT (DEPARTMENT_ID,DPT_NAME) values ('5','IT3');
Insert into MEDICALCLINIC.DEPARTMENT (DEPARTMENT_ID,DPT_NAME) values ('2','IT');
Insert into MEDICALCLINIC.DEPARTMENT (DEPARTMENT_ID,DPT_NAME) values ('4','IT3');
Insert into MEDICALCLINIC.DEPARTMENT (DEPARTMENT_ID,DPT_NAME) values ('6','IT3');
REM INSERTING into MEDICALCLINIC.DISEASES
SET DEFINE OFF;
REM INSERTING into MEDICALCLINIC.DOCTOR
SET DEFINE OFF;
Insert into MEDICALCLINIC.DOCTOR (ID_DOCTOR,NAME,SURNAME) values ('22','cos1','cos1');
Insert into MEDICALCLINIC.DOCTOR (ID_DOCTOR,NAME,SURNAME) values ('2','cos1','cos1');
Insert into MEDICALCLINIC.DOCTOR (ID_DOCTOR,NAME,SURNAME) values ('1','cos','cos');
Insert into MEDICALCLINIC.DOCTOR (ID_DOCTOR,NAME,SURNAME) values ('3','Jan','Kowalski');
Insert into MEDICALCLINIC.DOCTOR (ID_DOCTOR,NAME,SURNAME) values ('4','cos1','cos1');
Insert into MEDICALCLINIC.DOCTOR (ID_DOCTOR,NAME,SURNAME) values ('5','cos1','cos1');
Insert into MEDICALCLINIC.DOCTOR (ID_DOCTOR,NAME,SURNAME) values ('21','cos1','cos1');
REM INSERTING into MEDICALCLINIC.DOCTOR_OFFICE_HOURS
SET DEFINE OFF;
REM INSERTING into MEDICALCLINIC.DRUGS
SET DEFINE OFF;
REM INSERTING into MEDICALCLINIC.EMPLOYEE
SET DEFINE OFF;
Insert into MEDICALCLINIC.EMPLOYEE (EMPLOYEE_ID,FIRSTNAME,LASTNAME,CELL_PHONE,DEPARTMENT_ID,IDX) values ('23','Nina','Mayers','111','22',null);
Insert into MEDICALCLINIC.EMPLOYEE (EMPLOYEE_ID,FIRSTNAME,LASTNAME,CELL_PHONE,DEPARTMENT_ID,IDX) values ('24','Tony','Almeida','222','22',null);
Insert into MEDICALCLINIC.EMPLOYEE (EMPLOYEE_ID,FIRSTNAME,LASTNAME,CELL_PHONE,DEPARTMENT_ID,IDX) values ('25','Nina','Mayers','111','23',null);
Insert into MEDICALCLINIC.EMPLOYEE (EMPLOYEE_ID,FIRSTNAME,LASTNAME,CELL_PHONE,DEPARTMENT_ID,IDX) values ('26','Tony','Almeida','222','23',null);
Insert into MEDICALCLINIC.EMPLOYEE (EMPLOYEE_ID,FIRSTNAME,LASTNAME,CELL_PHONE,DEPARTMENT_ID,IDX) values ('4','Nina11','Mayers','111',null,null);
Insert into MEDICALCLINIC.EMPLOYEE (EMPLOYEE_ID,FIRSTNAME,LASTNAME,CELL_PHONE,DEPARTMENT_ID,IDX) values ('5','Tony11','Almeida','222',null,null);
Insert into MEDICALCLINIC.EMPLOYEE (EMPLOYEE_ID,FIRSTNAME,LASTNAME,CELL_PHONE,DEPARTMENT_ID,IDX) values ('8','Nina11','Mayers','111','5',null);
Insert into MEDICALCLINIC.EMPLOYEE (EMPLOYEE_ID,FIRSTNAME,LASTNAME,CELL_PHONE,DEPARTMENT_ID,IDX) values ('9','Tony11','Almeida','222','5',null);
Insert into MEDICALCLINIC.EMPLOYEE (EMPLOYEE_ID,FIRSTNAME,LASTNAME,CELL_PHONE,DEPARTMENT_ID,IDX) values ('1','£ukasz','Kochanek','321654','2','0');
Insert into MEDICALCLINIC.EMPLOYEE (EMPLOYEE_ID,FIRSTNAME,LASTNAME,CELL_PHONE,DEPARTMENT_ID,IDX) values ('2','Asia','Kochanek','321654','2','1');
Insert into MEDICALCLINIC.EMPLOYEE (EMPLOYEE_ID,FIRSTNAME,LASTNAME,CELL_PHONE,DEPARTMENT_ID,IDX) values ('6','Nina11','Mayers','111','4',null);
Insert into MEDICALCLINIC.EMPLOYEE (EMPLOYEE_ID,FIRSTNAME,LASTNAME,CELL_PHONE,DEPARTMENT_ID,IDX) values ('7','Tony11','Almeida','222','4',null);
Insert into MEDICALCLINIC.EMPLOYEE (EMPLOYEE_ID,FIRSTNAME,LASTNAME,CELL_PHONE,DEPARTMENT_ID,IDX) values ('10','Nina11','Mayers','111','6',null);
Insert into MEDICALCLINIC.EMPLOYEE (EMPLOYEE_ID,FIRSTNAME,LASTNAME,CELL_PHONE,DEPARTMENT_ID,IDX) values ('11','Tony11','Almeida','222','6',null);
REM INSERTING into MEDICALCLINIC.HEALTH_CHECK
SET DEFINE OFF;
REM INSERTING into MEDICALCLINIC.HISTORY_DISEASES
SET DEFINE OFF;
REM INSERTING into MEDICALCLINIC.LEAVE_DOCTOR
SET DEFINE OFF;
REM INSERTING into MEDICALCLINIC.LOCALITY
SET DEFINE OFF;
REM INSERTING into MEDICALCLINIC.NURSE
SET DEFINE OFF;
REM INSERTING into MEDICALCLINIC.OTHER_EMPLOYEE
SET DEFINE OFF;
REM INSERTING into MEDICALCLINIC.PATIENT
SET DEFINE OFF;
REM INSERTING into MEDICALCLINIC.PERMISSIONS
SET DEFINE OFF;
Insert into MEDICALCLINIC.PERMISSIONS (ID_PERMISSIONS,NAME,MODIFY_USERS,ADD_USERS,DELETE_USERS,SAVE_DOCTOR,SHOW_HISTRY,COMMISSIONED_HEALTH,SAVE_DRUGS,ADD_RESULTS,SHOW_RESULTS_HEALTH) values ('1','Admin','1','1','1','1','1','1','1','1','1');
REM INSERTING into MEDICALCLINIC.POST_OFFICE
SET DEFINE OFF;
REM INSERTING into MEDICALCLINIC.PRESCRIPTION
SET DEFINE OFF;
REM INSERTING into MEDICALCLINIC.PROVINCE
SET DEFINE OFF;
REM INSERTING into MEDICALCLINIC.SAVE_DRUGS
SET DEFINE OFF;
REM INSERTING into MEDICALCLINIC.SCHEDULE_VISITS
SET DEFINE OFF;
REM INSERTING into MEDICALCLINIC.SPECJALITY
SET DEFINE OFF;
REM INSERTING into MEDICALCLINIC.SPECJALITY_DOCTOR
SET DEFINE OFF;
REM INSERTING into MEDICALCLINIC.STREETS
SET DEFINE OFF;
REM INSERTING into MEDICALCLINIC.USERS
SET DEFINE OFF;
Insert into MEDICALCLINIC.USERS (ID_USERS,ID_DOCTOR,ID_PATIENT,ID_NURSE,ID_OTHER,ID_PERMISSIONS,E_MAIL,PHONE_NUMBER,LOGIN,PASSWORD) values ('1','3',null,null,null,'1','jan.kowalski@gmail.com','696 696 696','jkowalski','kowalski');
REM INSERTING into MEDICALCLINIC.VISITS
SET DEFINE OFF;
--------------------------------------------------------
--  DDL for Index USERS_PK
--------------------------------------------------------

  CREATE UNIQUE INDEX "MEDICALCLINIC"."USERS_PK" ON "MEDICALCLINIC"."USERS" ("ID_USERS") 
  PCTFREE 10 INITRANS 2 MAXTRANS 255 COMPUTE STATISTICS 
  STORAGE(INITIAL 65536 NEXT 1048576 MINEXTENTS 1 MAXEXTENTS 2147483645
  PCTINCREASE 0 FREELISTS 1 FREELIST GROUPS 1 BUFFER_POOL DEFAULT FLASH_CACHE DEFAULT CELL_FLASH_CACHE DEFAULT)
  TABLESPACE "USERS" ;
--------------------------------------------------------
--  DDL for Index LOCALITY_PK
--------------------------------------------------------

  CREATE UNIQUE INDEX "MEDICALCLINIC"."LOCALITY_PK" ON "MEDICALCLINIC"."LOCALITY" ("ID_LOCALITY") 
  PCTFREE 10 INITRANS 2 MAXTRANS 255 COMPUTE STATISTICS 
  STORAGE(INITIAL 65536 NEXT 1048576 MINEXTENTS 1 MAXEXTENTS 2147483645
  PCTINCREASE 0 FREELISTS 1 FREELIST GROUPS 1 BUFFER_POOL DEFAULT FLASH_CACHE DEFAULT CELL_FLASH_CACHE DEFAULT)
  TABLESPACE "USERS" ;
--------------------------------------------------------
--  DDL for Index HISTORY_DISEASES_PK
--------------------------------------------------------

  CREATE UNIQUE INDEX "MEDICALCLINIC"."HISTORY_DISEASES_PK" ON "MEDICALCLINIC"."HISTORY_DISEASES" ("ID_HISTORY") 
  PCTFREE 10 INITRANS 2 MAXTRANS 255 COMPUTE STATISTICS 
  STORAGE(INITIAL 65536 NEXT 1048576 MINEXTENTS 1 MAXEXTENTS 2147483645
  PCTINCREASE 0 FREELISTS 1 FREELIST GROUPS 1 BUFFER_POOL DEFAULT FLASH_CACHE DEFAULT CELL_FLASH_CACHE DEFAULT)
  TABLESPACE "USERS" ;
--------------------------------------------------------
--  DDL for Index SPECJALITY_DOCTOR_PK
--------------------------------------------------------

  CREATE UNIQUE INDEX "MEDICALCLINIC"."SPECJALITY_DOCTOR_PK" ON "MEDICALCLINIC"."SPECJALITY_DOCTOR" ("ID_SPECJALITY_DOCTOR") 
  PCTFREE 10 INITRANS 2 MAXTRANS 255 COMPUTE STATISTICS 
  STORAGE(INITIAL 65536 NEXT 1048576 MINEXTENTS 1 MAXEXTENTS 2147483645
  PCTINCREASE 0 FREELISTS 1 FREELIST GROUPS 1 BUFFER_POOL DEFAULT FLASH_CACHE DEFAULT CELL_FLASH_CACHE DEFAULT)
  TABLESPACE "USERS" ;
--------------------------------------------------------
--  DDL for Index PERMISSIONS_PK
--------------------------------------------------------

  CREATE UNIQUE INDEX "MEDICALCLINIC"."PERMISSIONS_PK" ON "MEDICALCLINIC"."PERMISSIONS" ("ID_PERMISSIONS") 
  PCTFREE 10 INITRANS 2 MAXTRANS 255 COMPUTE STATISTICS 
  STORAGE(INITIAL 65536 NEXT 1048576 MINEXTENTS 1 MAXEXTENTS 2147483645
  PCTINCREASE 0 FREELISTS 1 FREELIST GROUPS 1 BUFFER_POOL DEFAULT FLASH_CACHE DEFAULT CELL_FLASH_CACHE DEFAULT)
  TABLESPACE "USERS" ;
--------------------------------------------------------
--  DDL for Index ADDRESS_PK
--------------------------------------------------------

  CREATE UNIQUE INDEX "MEDICALCLINIC"."ADDRESS_PK" ON "MEDICALCLINIC"."ADDRESS" ("ID_ADDRESS") 
  PCTFREE 10 INITRANS 2 MAXTRANS 255 COMPUTE STATISTICS 
  STORAGE(INITIAL 65536 NEXT 1048576 MINEXTENTS 1 MAXEXTENTS 2147483645
  PCTINCREASE 0 FREELISTS 1 FREELIST GROUPS 1 BUFFER_POOL DEFAULT FLASH_CACHE DEFAULT CELL_FLASH_CACHE DEFAULT)
  TABLESPACE "USERS" ;
--------------------------------------------------------
--  DDL for Index DOCTOR_OFFICE_HOURS_PK
--------------------------------------------------------

  CREATE UNIQUE INDEX "MEDICALCLINIC"."DOCTOR_OFFICE_HOURS_PK" ON "MEDICALCLINIC"."DOCTOR_OFFICE_HOURS" ("ID_DOC") 
  PCTFREE 10 INITRANS 2 MAXTRANS 255 COMPUTE STATISTICS 
  STORAGE(INITIAL 65536 NEXT 1048576 MINEXTENTS 1 MAXEXTENTS 2147483645
  PCTINCREASE 0 FREELISTS 1 FREELIST GROUPS 1 BUFFER_POOL DEFAULT FLASH_CACHE DEFAULT CELL_FLASH_CACHE DEFAULT)
  TABLESPACE "USERS" ;
--------------------------------------------------------
--  DDL for Index STREETS_PK
--------------------------------------------------------

  CREATE UNIQUE INDEX "MEDICALCLINIC"."STREETS_PK" ON "MEDICALCLINIC"."STREETS" ("ID_STREETS") 
  PCTFREE 10 INITRANS 2 MAXTRANS 255 COMPUTE STATISTICS 
  STORAGE(INITIAL 65536 NEXT 1048576 MINEXTENTS 1 MAXEXTENTS 2147483645
  PCTINCREASE 0 FREELISTS 1 FREELIST GROUPS 1 BUFFER_POOL DEFAULT FLASH_CACHE DEFAULT CELL_FLASH_CACHE DEFAULT)
  TABLESPACE "USERS" ;
--------------------------------------------------------
--  DDL for Index PATIRNT_PK
--------------------------------------------------------

  CREATE UNIQUE INDEX "MEDICALCLINIC"."PATIRNT_PK" ON "MEDICALCLINIC"."PATIENT" ("ID_PATIENT") 
  PCTFREE 10 INITRANS 2 MAXTRANS 255 COMPUTE STATISTICS 
  STORAGE(INITIAL 65536 NEXT 1048576 MINEXTENTS 1 MAXEXTENTS 2147483645
  PCTINCREASE 0 FREELISTS 1 FREELIST GROUPS 1 BUFFER_POOL DEFAULT FLASH_CACHE DEFAULT CELL_FLASH_CACHE DEFAULT)
  TABLESPACE "USERS" ;
--------------------------------------------------------
--  DDL for Index DISEASES_PK
--------------------------------------------------------

  CREATE UNIQUE INDEX "MEDICALCLINIC"."DISEASES_PK" ON "MEDICALCLINIC"."DISEASES" ("ID_DISEASES") 
  PCTFREE 10 INITRANS 2 MAXTRANS 255 COMPUTE STATISTICS 
  STORAGE(INITIAL 65536 NEXT 1048576 MINEXTENTS 1 MAXEXTENTS 2147483645
  PCTINCREASE 0 FREELISTS 1 FREELIST GROUPS 1 BUFFER_POOL DEFAULT FLASH_CACHE DEFAULT CELL_FLASH_CACHE DEFAULT)
  TABLESPACE "USERS" ;
--------------------------------------------------------
--  DDL for Index OTHER_EMPLOYEE_PK
--------------------------------------------------------

  CREATE UNIQUE INDEX "MEDICALCLINIC"."OTHER_EMPLOYEE_PK" ON "MEDICALCLINIC"."OTHER_EMPLOYEE" ("ID_EMPLOYEE") 
  PCTFREE 10 INITRANS 2 MAXTRANS 255 COMPUTE STATISTICS 
  STORAGE(INITIAL 65536 NEXT 1048576 MINEXTENTS 1 MAXEXTENTS 2147483645
  PCTINCREASE 0 FREELISTS 1 FREELIST GROUPS 1 BUFFER_POOL DEFAULT FLASH_CACHE DEFAULT CELL_FLASH_CACHE DEFAULT)
  TABLESPACE "USERS" ;
--------------------------------------------------------
--  DDL for Index PRESCRIPTION_PK
--------------------------------------------------------

  CREATE UNIQUE INDEX "MEDICALCLINIC"."PRESCRIPTION_PK" ON "MEDICALCLINIC"."PRESCRIPTION" ("ID_PRESCRIPTION") 
  PCTFREE 10 INITRANS 2 MAXTRANS 255 COMPUTE STATISTICS 
  STORAGE(INITIAL 65536 NEXT 1048576 MINEXTENTS 1 MAXEXTENTS 2147483645
  PCTINCREASE 0 FREELISTS 1 FREELIST GROUPS 1 BUFFER_POOL DEFAULT FLASH_CACHE DEFAULT CELL_FLASH_CACHE DEFAULT)
  TABLESPACE "USERS" ;
--------------------------------------------------------
--  DDL for Index VISITS_PK
--------------------------------------------------------

  CREATE UNIQUE INDEX "MEDICALCLINIC"."VISITS_PK" ON "MEDICALCLINIC"."VISITS" ("ID_VISITS") 
  PCTFREE 10 INITRANS 2 MAXTRANS 255 COMPUTE STATISTICS 
  STORAGE(INITIAL 65536 NEXT 1048576 MINEXTENTS 1 MAXEXTENTS 2147483645
  PCTINCREASE 0 FREELISTS 1 FREELIST GROUPS 1 BUFFER_POOL DEFAULT FLASH_CACHE DEFAULT CELL_FLASH_CACHE DEFAULT)
  TABLESPACE "USERS" ;
--------------------------------------------------------
--  DDL for Index HEALTH_CHECK_PK
--------------------------------------------------------

  CREATE UNIQUE INDEX "MEDICALCLINIC"."HEALTH_CHECK_PK" ON "MEDICALCLINIC"."HEALTH_CHECK" ("ID_HEALTH") 
  PCTFREE 10 INITRANS 2 MAXTRANS 255 COMPUTE STATISTICS 
  STORAGE(INITIAL 65536 NEXT 1048576 MINEXTENTS 1 MAXEXTENTS 2147483645
  PCTINCREASE 0 FREELISTS 1 FREELIST GROUPS 1 BUFFER_POOL DEFAULT FLASH_CACHE DEFAULT CELL_FLASH_CACHE DEFAULT)
  TABLESPACE "USERS" ;
--------------------------------------------------------
--  DDL for Index NURSE_PK
--------------------------------------------------------

  CREATE UNIQUE INDEX "MEDICALCLINIC"."NURSE_PK" ON "MEDICALCLINIC"."NURSE" ("ID_NURSE") 
  PCTFREE 10 INITRANS 2 MAXTRANS 255 COMPUTE STATISTICS 
  STORAGE(INITIAL 65536 NEXT 1048576 MINEXTENTS 1 MAXEXTENTS 2147483645
  PCTINCREASE 0 FREELISTS 1 FREELIST GROUPS 1 BUFFER_POOL DEFAULT FLASH_CACHE DEFAULT CELL_FLASH_CACHE DEFAULT)
  TABLESPACE "USERS" ;
--------------------------------------------------------
--  DDL for Index DEPARTMENT_PK
--------------------------------------------------------

  CREATE UNIQUE INDEX "MEDICALCLINIC"."DEPARTMENT_PK" ON "MEDICALCLINIC"."DEPARTMENT" ("DEPARTMENT_ID") 
  PCTFREE 10 INITRANS 2 MAXTRANS 255 
  STORAGE(INITIAL 65536 NEXT 1048576 MINEXTENTS 1 MAXEXTENTS 2147483645
  PCTINCREASE 0 FREELISTS 1 FREELIST GROUPS 1 BUFFER_POOL DEFAULT FLASH_CACHE DEFAULT CELL_FLASH_CACHE DEFAULT)
  TABLESPACE "USERS" ;
--------------------------------------------------------
--  DDL for Index CLINICS_PK
--------------------------------------------------------

  CREATE UNIQUE INDEX "MEDICALCLINIC"."CLINICS_PK" ON "MEDICALCLINIC"."CLINICS" ("ID_CLINICS") 
  PCTFREE 10 INITRANS 2 MAXTRANS 255 COMPUTE STATISTICS 
  STORAGE(INITIAL 65536 NEXT 1048576 MINEXTENTS 1 MAXEXTENTS 2147483645
  PCTINCREASE 0 FREELISTS 1 FREELIST GROUPS 1 BUFFER_POOL DEFAULT FLASH_CACHE DEFAULT CELL_FLASH_CACHE DEFAULT)
  TABLESPACE "USERS" ;
--------------------------------------------------------
--  DDL for Index EMPLOYEE_PK
--------------------------------------------------------

  CREATE UNIQUE INDEX "MEDICALCLINIC"."EMPLOYEE_PK" ON "MEDICALCLINIC"."EMPLOYEE" ("EMPLOYEE_ID") 
  PCTFREE 10 INITRANS 2 MAXTRANS 255 
  STORAGE(INITIAL 65536 NEXT 1048576 MINEXTENTS 1 MAXEXTENTS 2147483645
  PCTINCREASE 0 FREELISTS 1 FREELIST GROUPS 1 BUFFER_POOL DEFAULT FLASH_CACHE DEFAULT CELL_FLASH_CACHE DEFAULT)
  TABLESPACE "USERS" ;
--------------------------------------------------------
--  DDL for Index COUNTIES_PK
--------------------------------------------------------

  CREATE UNIQUE INDEX "MEDICALCLINIC"."COUNTIES_PK" ON "MEDICALCLINIC"."COUNTIES" ("ID_COUNTIES") 
  PCTFREE 10 INITRANS 2 MAXTRANS 255 COMPUTE STATISTICS 
  STORAGE(INITIAL 65536 NEXT 1048576 MINEXTENTS 1 MAXEXTENTS 2147483645
  PCTINCREASE 0 FREELISTS 1 FREELIST GROUPS 1 BUFFER_POOL DEFAULT FLASH_CACHE DEFAULT CELL_FLASH_CACHE DEFAULT)
  TABLESPACE "USERS" ;
--------------------------------------------------------
--  DDL for Index SCHEDULEVISITS_PK
--------------------------------------------------------

  CREATE UNIQUE INDEX "MEDICALCLINIC"."SCHEDULEVISITS_PK" ON "MEDICALCLINIC"."SCHEDULE_VISITS" ("ID_SV") 
  PCTFREE 10 INITRANS 2 MAXTRANS 255 COMPUTE STATISTICS 
  STORAGE(INITIAL 65536 NEXT 1048576 MINEXTENTS 1 MAXEXTENTS 2147483645
  PCTINCREASE 0 FREELISTS 1 FREELIST GROUPS 1 BUFFER_POOL DEFAULT FLASH_CACHE DEFAULT CELL_FLASH_CACHE DEFAULT)
  TABLESPACE "USERS" ;
--------------------------------------------------------
--  DDL for Index DOCTOR_PK
--------------------------------------------------------

  CREATE UNIQUE INDEX "MEDICALCLINIC"."DOCTOR_PK" ON "MEDICALCLINIC"."DOCTOR" ("ID_DOCTOR") 
  PCTFREE 10 INITRANS 2 MAXTRANS 255 COMPUTE STATISTICS 
  STORAGE(INITIAL 65536 NEXT 1048576 MINEXTENTS 1 MAXEXTENTS 2147483645
  PCTINCREASE 0 FREELISTS 1 FREELIST GROUPS 1 BUFFER_POOL DEFAULT FLASH_CACHE DEFAULT CELL_FLASH_CACHE DEFAULT)
  TABLESPACE "USERS" ;
--------------------------------------------------------
--  DDL for Index POST_OFFICE_PK
--------------------------------------------------------

  CREATE UNIQUE INDEX "MEDICALCLINIC"."POST_OFFICE_PK" ON "MEDICALCLINIC"."POST_OFFICE" ("ID_POSTOFFICE") 
  PCTFREE 10 INITRANS 2 MAXTRANS 255 COMPUTE STATISTICS 
  STORAGE(INITIAL 65536 NEXT 1048576 MINEXTENTS 1 MAXEXTENTS 2147483645
  PCTINCREASE 0 FREELISTS 1 FREELIST GROUPS 1 BUFFER_POOL DEFAULT FLASH_CACHE DEFAULT CELL_FLASH_CACHE DEFAULT)
  TABLESPACE "USERS" ;
--------------------------------------------------------
--  DDL for Index LEAVE_DOCTOR_PK
--------------------------------------------------------

  CREATE UNIQUE INDEX "MEDICALCLINIC"."LEAVE_DOCTOR_PK" ON "MEDICALCLINIC"."LEAVE_DOCTOR" ("ID_LEAVE") 
  PCTFREE 10 INITRANS 2 MAXTRANS 255 COMPUTE STATISTICS 
  STORAGE(INITIAL 65536 NEXT 1048576 MINEXTENTS 1 MAXEXTENTS 2147483645
  PCTINCREASE 0 FREELISTS 1 FREELIST GROUPS 1 BUFFER_POOL DEFAULT FLASH_CACHE DEFAULT CELL_FLASH_CACHE DEFAULT)
  TABLESPACE "USERS" ;
--------------------------------------------------------
--  DDL for Index POST_OFICE_PK
--------------------------------------------------------

  CREATE UNIQUE INDEX "MEDICALCLINIC"."POST_OFICE_PK" ON "MEDICALCLINIC"."PROVINCE" ("ID_PROVINCE") 
  PCTFREE 10 INITRANS 2 MAXTRANS 255 COMPUTE STATISTICS 
  STORAGE(INITIAL 65536 NEXT 1048576 MINEXTENTS 1 MAXEXTENTS 2147483645
  PCTINCREASE 0 FREELISTS 1 FREELIST GROUPS 1 BUFFER_POOL DEFAULT FLASH_CACHE DEFAULT CELL_FLASH_CACHE DEFAULT)
  TABLESPACE "USERS" ;
--------------------------------------------------------
--  DDL for Index SPECJALITY_PK
--------------------------------------------------------

  CREATE UNIQUE INDEX "MEDICALCLINIC"."SPECJALITY_PK" ON "MEDICALCLINIC"."SPECJALITY" ("ID_SPECJALITY") 
  PCTFREE 10 INITRANS 2 MAXTRANS 255 COMPUTE STATISTICS 
  STORAGE(INITIAL 65536 NEXT 1048576 MINEXTENTS 1 MAXEXTENTS 2147483645
  PCTINCREASE 0 FREELISTS 1 FREELIST GROUPS 1 BUFFER_POOL DEFAULT FLASH_CACHE DEFAULT CELL_FLASH_CACHE DEFAULT)
  TABLESPACE "USERS" ;
--------------------------------------------------------
--  DDL for Index DRUGS_PK
--------------------------------------------------------

  CREATE UNIQUE INDEX "MEDICALCLINIC"."DRUGS_PK" ON "MEDICALCLINIC"."DRUGS" ("ID_DURGS") 
  PCTFREE 10 INITRANS 2 MAXTRANS 255 COMPUTE STATISTICS 
  STORAGE(INITIAL 65536 NEXT 1048576 MINEXTENTS 1 MAXEXTENTS 2147483645
  PCTINCREASE 0 FREELISTS 1 FREELIST GROUPS 1 BUFFER_POOL DEFAULT FLASH_CACHE DEFAULT CELL_FLASH_CACHE DEFAULT)
  TABLESPACE "USERS" ;
--------------------------------------------------------
--  DDL for Index COMMISSIONED_HEALTH_CHECK_PK
--------------------------------------------------------

  CREATE UNIQUE INDEX "MEDICALCLINIC"."COMMISSIONED_HEALTH_CHECK_PK" ON "MEDICALCLINIC"."COMMISSIONED_HEALTH_CHECK" ("ID_CHC") 
  PCTFREE 10 INITRANS 2 MAXTRANS 255 COMPUTE STATISTICS 
  STORAGE(INITIAL 65536 NEXT 1048576 MINEXTENTS 1 MAXEXTENTS 2147483645
  PCTINCREASE 0 FREELISTS 1 FREELIST GROUPS 1 BUFFER_POOL DEFAULT FLASH_CACHE DEFAULT CELL_FLASH_CACHE DEFAULT)
  TABLESPACE "USERS" ;
--------------------------------------------------------
--  DDL for Index SAVE_DRUGS_PK
--------------------------------------------------------

  CREATE UNIQUE INDEX "MEDICALCLINIC"."SAVE_DRUGS_PK" ON "MEDICALCLINIC"."SAVE_DRUGS" ("ID_SD") 
  PCTFREE 10 INITRANS 2 MAXTRANS 255 COMPUTE STATISTICS 
  STORAGE(INITIAL 65536 NEXT 1048576 MINEXTENTS 1 MAXEXTENTS 2147483645
  PCTINCREASE 0 FREELISTS 1 FREELIST GROUPS 1 BUFFER_POOL DEFAULT FLASH_CACHE DEFAULT CELL_FLASH_CACHE DEFAULT)
  TABLESPACE "USERS" ;
--------------------------------------------------------
--  Constraints for Table HISTORY_DISEASES
--------------------------------------------------------

  ALTER TABLE "MEDICALCLINIC"."HISTORY_DISEASES" ADD CONSTRAINT "HISTORY_DISEASES_PK" PRIMARY KEY ("ID_HISTORY")
  USING INDEX PCTFREE 10 INITRANS 2 MAXTRANS 255 COMPUTE STATISTICS 
  STORAGE(INITIAL 65536 NEXT 1048576 MINEXTENTS 1 MAXEXTENTS 2147483645
  PCTINCREASE 0 FREELISTS 1 FREELIST GROUPS 1 BUFFER_POOL DEFAULT FLASH_CACHE DEFAULT CELL_FLASH_CACHE DEFAULT)
  TABLESPACE "USERS"  ENABLE;
  ALTER TABLE "MEDICALCLINIC"."HISTORY_DISEASES" MODIFY ("ID_VISITS" NOT NULL ENABLE);
  ALTER TABLE "MEDICALCLINIC"."HISTORY_DISEASES" MODIFY ("ID_DISEASES" NOT NULL ENABLE);
  ALTER TABLE "MEDICALCLINIC"."HISTORY_DISEASES" MODIFY ("ID_PATIENT" NOT NULL ENABLE);
  ALTER TABLE "MEDICALCLINIC"."HISTORY_DISEASES" MODIFY ("ID_HISTORY" NOT NULL ENABLE);
--------------------------------------------------------
--  Constraints for Table DOCTOR
--------------------------------------------------------

  ALTER TABLE "MEDICALCLINIC"."DOCTOR" ADD CONSTRAINT "DOCTOR_PK" PRIMARY KEY ("ID_DOCTOR")
  USING INDEX PCTFREE 10 INITRANS 2 MAXTRANS 255 COMPUTE STATISTICS 
  STORAGE(INITIAL 65536 NEXT 1048576 MINEXTENTS 1 MAXEXTENTS 2147483645
  PCTINCREASE 0 FREELISTS 1 FREELIST GROUPS 1 BUFFER_POOL DEFAULT FLASH_CACHE DEFAULT CELL_FLASH_CACHE DEFAULT)
  TABLESPACE "USERS"  ENABLE;
  ALTER TABLE "MEDICALCLINIC"."DOCTOR" MODIFY ("SURNAME" NOT NULL ENABLE);
  ALTER TABLE "MEDICALCLINIC"."DOCTOR" MODIFY ("NAME" NOT NULL ENABLE);
  ALTER TABLE "MEDICALCLINIC"."DOCTOR" MODIFY ("ID_DOCTOR" NOT NULL ENABLE);
--------------------------------------------------------
--  Constraints for Table EMPLOYEE
--------------------------------------------------------

  ALTER TABLE "MEDICALCLINIC"."EMPLOYEE" ADD CONSTRAINT "EMPLOYEE_PK" PRIMARY KEY ("EMPLOYEE_ID")
  USING INDEX PCTFREE 10 INITRANS 2 MAXTRANS 255 
  STORAGE(INITIAL 65536 NEXT 1048576 MINEXTENTS 1 MAXEXTENTS 2147483645
  PCTINCREASE 0 FREELISTS 1 FREELIST GROUPS 1 BUFFER_POOL DEFAULT FLASH_CACHE DEFAULT CELL_FLASH_CACHE DEFAULT)
  TABLESPACE "USERS"  ENABLE;
  ALTER TABLE "MEDICALCLINIC"."EMPLOYEE" MODIFY ("EMPLOYEE_ID" NOT NULL ENABLE);
--------------------------------------------------------
--  Constraints for Table DOCTOR_OFFICE_HOURS
--------------------------------------------------------

  ALTER TABLE "MEDICALCLINIC"."DOCTOR_OFFICE_HOURS" ADD CONSTRAINT "DOCTOR_OFFICE_HOURS_PK" PRIMARY KEY ("ID_DOC")
  USING INDEX PCTFREE 10 INITRANS 2 MAXTRANS 255 COMPUTE STATISTICS 
  STORAGE(INITIAL 65536 NEXT 1048576 MINEXTENTS 1 MAXEXTENTS 2147483645
  PCTINCREASE 0 FREELISTS 1 FREELIST GROUPS 1 BUFFER_POOL DEFAULT FLASH_CACHE DEFAULT CELL_FLASH_CACHE DEFAULT)
  TABLESPACE "USERS"  ENABLE;
  ALTER TABLE "MEDICALCLINIC"."DOCTOR_OFFICE_HOURS" MODIFY ("ID_DOCTOR" NOT NULL ENABLE);
  ALTER TABLE "MEDICALCLINIC"."DOCTOR_OFFICE_HOURS" MODIFY ("HOURS_TO" NOT NULL ENABLE);
  ALTER TABLE "MEDICALCLINIC"."DOCTOR_OFFICE_HOURS" MODIFY ("HOURS_FROM" NOT NULL ENABLE);
  ALTER TABLE "MEDICALCLINIC"."DOCTOR_OFFICE_HOURS" MODIFY ("ID_CLINICS" NOT NULL ENABLE);
  ALTER TABLE "MEDICALCLINIC"."DOCTOR_OFFICE_HOURS" MODIFY ("ID_DOC" NOT NULL ENABLE);
--------------------------------------------------------
--  Constraints for Table SCHEDULE_VISITS
--------------------------------------------------------

  ALTER TABLE "MEDICALCLINIC"."SCHEDULE_VISITS" ADD CONSTRAINT "SCHEDULEVISITS_PK" PRIMARY KEY ("ID_SV")
  USING INDEX PCTFREE 10 INITRANS 2 MAXTRANS 255 COMPUTE STATISTICS 
  STORAGE(INITIAL 65536 NEXT 1048576 MINEXTENTS 1 MAXEXTENTS 2147483645
  PCTINCREASE 0 FREELISTS 1 FREELIST GROUPS 1 BUFFER_POOL DEFAULT FLASH_CACHE DEFAULT CELL_FLASH_CACHE DEFAULT)
  TABLESPACE "USERS"  ENABLE;
  ALTER TABLE "MEDICALCLINIC"."SCHEDULE_VISITS" MODIFY ("HOURS_SV" NOT NULL ENABLE);
  ALTER TABLE "MEDICALCLINIC"."SCHEDULE_VISITS" MODIFY ("DATE_SV" NOT NULL ENABLE);
  ALTER TABLE "MEDICALCLINIC"."SCHEDULE_VISITS" MODIFY ("ID_PATIENT" NOT NULL ENABLE);
  ALTER TABLE "MEDICALCLINIC"."SCHEDULE_VISITS" MODIFY ("ID_CLINICS" NOT NULL ENABLE);
  ALTER TABLE "MEDICALCLINIC"."SCHEDULE_VISITS" MODIFY ("ID_DOCTOR" NOT NULL ENABLE);
  ALTER TABLE "MEDICALCLINIC"."SCHEDULE_VISITS" MODIFY ("ID_SV" NOT NULL ENABLE);
--------------------------------------------------------
--  Constraints for Table SPECJALITY
--------------------------------------------------------

  ALTER TABLE "MEDICALCLINIC"."SPECJALITY" ADD CONSTRAINT "SPECJALITY_PK" PRIMARY KEY ("ID_SPECJALITY")
  USING INDEX PCTFREE 10 INITRANS 2 MAXTRANS 255 COMPUTE STATISTICS 
  STORAGE(INITIAL 65536 NEXT 1048576 MINEXTENTS 1 MAXEXTENTS 2147483645
  PCTINCREASE 0 FREELISTS 1 FREELIST GROUPS 1 BUFFER_POOL DEFAULT FLASH_CACHE DEFAULT CELL_FLASH_CACHE DEFAULT)
  TABLESPACE "USERS"  ENABLE;
  ALTER TABLE "MEDICALCLINIC"."SPECJALITY" MODIFY ("NAME" NOT NULL ENABLE);
  ALTER TABLE "MEDICALCLINIC"."SPECJALITY" MODIFY ("ID_SPECJALITY" NOT NULL ENABLE);
--------------------------------------------------------
--  Constraints for Table ADDRESS
--------------------------------------------------------

  ALTER TABLE "MEDICALCLINIC"."ADDRESS" ADD CONSTRAINT "ADDRESS_PK" PRIMARY KEY ("ID_ADDRESS")
  USING INDEX PCTFREE 10 INITRANS 2 MAXTRANS 255 COMPUTE STATISTICS 
  STORAGE(INITIAL 65536 NEXT 1048576 MINEXTENTS 1 MAXEXTENTS 2147483645
  PCTINCREASE 0 FREELISTS 1 FREELIST GROUPS 1 BUFFER_POOL DEFAULT FLASH_CACHE DEFAULT CELL_FLASH_CACHE DEFAULT)
  TABLESPACE "USERS"  ENABLE;
  ALTER TABLE "MEDICALCLINIC"."ADDRESS" MODIFY ("HOUSE_NUMBER" NOT NULL ENABLE);
  ALTER TABLE "MEDICALCLINIC"."ADDRESS" MODIFY ("ID_COUNTIES" NOT NULL ENABLE);
  ALTER TABLE "MEDICALCLINIC"."ADDRESS" MODIFY ("ID_STREETS" NOT NULL ENABLE);
  ALTER TABLE "MEDICALCLINIC"."ADDRESS" MODIFY ("ID_POSTOFFICE" NOT NULL ENABLE);
  ALTER TABLE "MEDICALCLINIC"."ADDRESS" MODIFY ("ID_LOCALITY" NOT NULL ENABLE);
  ALTER TABLE "MEDICALCLINIC"."ADDRESS" MODIFY ("ID_ADDRESS" NOT NULL ENABLE);
--------------------------------------------------------
--  Constraints for Table SAVE_DRUGS
--------------------------------------------------------

  ALTER TABLE "MEDICALCLINIC"."SAVE_DRUGS" MODIFY ("ID_PATIENT" NOT NULL ENABLE);
  ALTER TABLE "MEDICALCLINIC"."SAVE_DRUGS" ADD CONSTRAINT "SAVE_DRUGS_PK" PRIMARY KEY ("ID_SD")
  USING INDEX PCTFREE 10 INITRANS 2 MAXTRANS 255 COMPUTE STATISTICS 
  STORAGE(INITIAL 65536 NEXT 1048576 MINEXTENTS 1 MAXEXTENTS 2147483645
  PCTINCREASE 0 FREELISTS 1 FREELIST GROUPS 1 BUFFER_POOL DEFAULT FLASH_CACHE DEFAULT CELL_FLASH_CACHE DEFAULT)
  TABLESPACE "USERS"  ENABLE;
  ALTER TABLE "MEDICALCLINIC"."SAVE_DRUGS" MODIFY ("ID_DRUGS" NOT NULL ENABLE);
  ALTER TABLE "MEDICALCLINIC"."SAVE_DRUGS" MODIFY ("ID_VISITS" NOT NULL ENABLE);
  ALTER TABLE "MEDICALCLINIC"."SAVE_DRUGS" MODIFY ("ID_SD" NOT NULL ENABLE);
--------------------------------------------------------
--  Constraints for Table PERMISSIONS
--------------------------------------------------------

  ALTER TABLE "MEDICALCLINIC"."PERMISSIONS" ADD CONSTRAINT "PERMISSIONS_PK" PRIMARY KEY ("ID_PERMISSIONS")
  USING INDEX PCTFREE 10 INITRANS 2 MAXTRANS 255 COMPUTE STATISTICS 
  STORAGE(INITIAL 65536 NEXT 1048576 MINEXTENTS 1 MAXEXTENTS 2147483645
  PCTINCREASE 0 FREELISTS 1 FREELIST GROUPS 1 BUFFER_POOL DEFAULT FLASH_CACHE DEFAULT CELL_FLASH_CACHE DEFAULT)
  TABLESPACE "USERS"  ENABLE;
  ALTER TABLE "MEDICALCLINIC"."PERMISSIONS" MODIFY ("NAME" NOT NULL ENABLE);
  ALTER TABLE "MEDICALCLINIC"."PERMISSIONS" MODIFY ("ID_PERMISSIONS" NOT NULL ENABLE);
--------------------------------------------------------
--  Constraints for Table COMMISSIONED_HEALTH_CHECK
--------------------------------------------------------

  ALTER TABLE "MEDICALCLINIC"."COMMISSIONED_HEALTH_CHECK" ADD CONSTRAINT "COMMISSIONED_HEALTH_CHECK_PK" PRIMARY KEY ("ID_CHC")
  USING INDEX PCTFREE 10 INITRANS 2 MAXTRANS 255 COMPUTE STATISTICS 
  STORAGE(INITIAL 65536 NEXT 1048576 MINEXTENTS 1 MAXEXTENTS 2147483645
  PCTINCREASE 0 FREELISTS 1 FREELIST GROUPS 1 BUFFER_POOL DEFAULT FLASH_CACHE DEFAULT CELL_FLASH_CACHE DEFAULT)
  TABLESPACE "USERS"  ENABLE;
  ALTER TABLE "MEDICALCLINIC"."COMMISSIONED_HEALTH_CHECK" MODIFY ("ID_PATIENT" NOT NULL ENABLE);
  ALTER TABLE "MEDICALCLINIC"."COMMISSIONED_HEALTH_CHECK" MODIFY ("ID_VISTS" NOT NULL ENABLE);
  ALTER TABLE "MEDICALCLINIC"."COMMISSIONED_HEALTH_CHECK" MODIFY ("ID_HEALTH" NOT NULL ENABLE);
  ALTER TABLE "MEDICALCLINIC"."COMMISSIONED_HEALTH_CHECK" MODIFY ("ID_CHC" NOT NULL ENABLE);
--------------------------------------------------------
--  Constraints for Table LOCALITY
--------------------------------------------------------

  ALTER TABLE "MEDICALCLINIC"."LOCALITY" ADD CONSTRAINT "LOCALITY_PK" PRIMARY KEY ("ID_LOCALITY")
  USING INDEX PCTFREE 10 INITRANS 2 MAXTRANS 255 COMPUTE STATISTICS 
  STORAGE(INITIAL 65536 NEXT 1048576 MINEXTENTS 1 MAXEXTENTS 2147483645
  PCTINCREASE 0 FREELISTS 1 FREELIST GROUPS 1 BUFFER_POOL DEFAULT FLASH_CACHE DEFAULT CELL_FLASH_CACHE DEFAULT)
  TABLESPACE "USERS"  ENABLE;
  ALTER TABLE "MEDICALCLINIC"."LOCALITY" MODIFY ("VILLAGE" NOT NULL ENABLE);
  ALTER TABLE "MEDICALCLINIC"."LOCALITY" MODIFY ("COUNTY" NOT NULL ENABLE);
  ALTER TABLE "MEDICALCLINIC"."LOCALITY" MODIFY ("NAME" NOT NULL ENABLE);
  ALTER TABLE "MEDICALCLINIC"."LOCALITY" MODIFY ("ID_LOCALITY" NOT NULL ENABLE);
--------------------------------------------------------
--  Constraints for Table HEALTH_CHECK
--------------------------------------------------------

  ALTER TABLE "MEDICALCLINIC"."HEALTH_CHECK" ADD CONSTRAINT "HEALTH_CHECK_PK" PRIMARY KEY ("ID_HEALTH")
  USING INDEX PCTFREE 10 INITRANS 2 MAXTRANS 255 COMPUTE STATISTICS 
  STORAGE(INITIAL 65536 NEXT 1048576 MINEXTENTS 1 MAXEXTENTS 2147483645
  PCTINCREASE 0 FREELISTS 1 FREELIST GROUPS 1 BUFFER_POOL DEFAULT FLASH_CACHE DEFAULT CELL_FLASH_CACHE DEFAULT)
  TABLESPACE "USERS"  ENABLE;
  ALTER TABLE "MEDICALCLINIC"."HEALTH_CHECK" MODIFY ("NAME" NOT NULL ENABLE);
  ALTER TABLE "MEDICALCLINIC"."HEALTH_CHECK" MODIFY ("ID_HEALTH" NOT NULL ENABLE);
--------------------------------------------------------
--  Constraints for Table PRESCRIPTION
--------------------------------------------------------

  ALTER TABLE "MEDICALCLINIC"."PRESCRIPTION" ADD CONSTRAINT "PRESCRIPTION_PK" PRIMARY KEY ("ID_PRESCRIPTION")
  USING INDEX PCTFREE 10 INITRANS 2 MAXTRANS 255 COMPUTE STATISTICS 
  STORAGE(INITIAL 65536 NEXT 1048576 MINEXTENTS 1 MAXEXTENTS 2147483645
  PCTINCREASE 0 FREELISTS 1 FREELIST GROUPS 1 BUFFER_POOL DEFAULT FLASH_CACHE DEFAULT CELL_FLASH_CACHE DEFAULT)
  TABLESPACE "USERS"  ENABLE;
  ALTER TABLE "MEDICALCLINIC"."PRESCRIPTION" MODIFY ("ID_PATIENT" NOT NULL ENABLE);
  ALTER TABLE "MEDICALCLINIC"."PRESCRIPTION" MODIFY ("PRESCRIPTION" NOT NULL ENABLE);
  ALTER TABLE "MEDICALCLINIC"."PRESCRIPTION" MODIFY ("ID_PRESCRIPTION" NOT NULL ENABLE);
--------------------------------------------------------
--  Constraints for Table USERS
--------------------------------------------------------

  ALTER TABLE "MEDICALCLINIC"."USERS" MODIFY ("PASSWORD" NOT NULL ENABLE);
  ALTER TABLE "MEDICALCLINIC"."USERS" MODIFY ("LOGIN" NOT NULL ENABLE);
  ALTER TABLE "MEDICALCLINIC"."USERS" ADD CONSTRAINT "USERS_PK" PRIMARY KEY ("ID_USERS")
  USING INDEX PCTFREE 10 INITRANS 2 MAXTRANS 255 COMPUTE STATISTICS 
  STORAGE(INITIAL 65536 NEXT 1048576 MINEXTENTS 1 MAXEXTENTS 2147483645
  PCTINCREASE 0 FREELISTS 1 FREELIST GROUPS 1 BUFFER_POOL DEFAULT FLASH_CACHE DEFAULT CELL_FLASH_CACHE DEFAULT)
  TABLESPACE "USERS"  ENABLE;
  ALTER TABLE "MEDICALCLINIC"."USERS" MODIFY ("ID_USERS" NOT NULL ENABLE);
--------------------------------------------------------
--  Constraints for Table STREETS
--------------------------------------------------------

  ALTER TABLE "MEDICALCLINIC"."STREETS" ADD CONSTRAINT "STREETS_PK" PRIMARY KEY ("ID_STREETS")
  USING INDEX PCTFREE 10 INITRANS 2 MAXTRANS 255 COMPUTE STATISTICS 
  STORAGE(INITIAL 65536 NEXT 1048576 MINEXTENTS 1 MAXEXTENTS 2147483645
  PCTINCREASE 0 FREELISTS 1 FREELIST GROUPS 1 BUFFER_POOL DEFAULT FLASH_CACHE DEFAULT CELL_FLASH_CACHE DEFAULT)
  TABLESPACE "USERS"  ENABLE;
  ALTER TABLE "MEDICALCLINIC"."STREETS" MODIFY ("NAME" NOT NULL ENABLE);
  ALTER TABLE "MEDICALCLINIC"."STREETS" MODIFY ("ID_STREETS" NOT NULL ENABLE);
--------------------------------------------------------
--  Constraints for Table OTHER_EMPLOYEE
--------------------------------------------------------

  ALTER TABLE "MEDICALCLINIC"."OTHER_EMPLOYEE" ADD CONSTRAINT "OTHER_EMPLOYEE_PK" PRIMARY KEY ("ID_EMPLOYEE")
  USING INDEX PCTFREE 10 INITRANS 2 MAXTRANS 255 COMPUTE STATISTICS 
  STORAGE(INITIAL 65536 NEXT 1048576 MINEXTENTS 1 MAXEXTENTS 2147483645
  PCTINCREASE 0 FREELISTS 1 FREELIST GROUPS 1 BUFFER_POOL DEFAULT FLASH_CACHE DEFAULT CELL_FLASH_CACHE DEFAULT)
  TABLESPACE "USERS"  ENABLE;
  ALTER TABLE "MEDICALCLINIC"."OTHER_EMPLOYEE" MODIFY ("POSITION" NOT NULL ENABLE);
  ALTER TABLE "MEDICALCLINIC"."OTHER_EMPLOYEE" MODIFY ("SURNAME" NOT NULL ENABLE);
  ALTER TABLE "MEDICALCLINIC"."OTHER_EMPLOYEE" MODIFY ("NAME" NOT NULL ENABLE);
  ALTER TABLE "MEDICALCLINIC"."OTHER_EMPLOYEE" MODIFY ("ID_EMPLOYEE" NOT NULL ENABLE);
--------------------------------------------------------
--  Constraints for Table CLINICS
--------------------------------------------------------

  ALTER TABLE "MEDICALCLINIC"."CLINICS" ADD CONSTRAINT "CLINICS_PK" PRIMARY KEY ("ID_CLINICS")
  USING INDEX PCTFREE 10 INITRANS 2 MAXTRANS 255 COMPUTE STATISTICS 
  STORAGE(INITIAL 65536 NEXT 1048576 MINEXTENTS 1 MAXEXTENTS 2147483645
  PCTINCREASE 0 FREELISTS 1 FREELIST GROUPS 1 BUFFER_POOL DEFAULT FLASH_CACHE DEFAULT CELL_FLASH_CACHE DEFAULT)
  TABLESPACE "USERS"  ENABLE;
  ALTER TABLE "MEDICALCLINIC"."CLINICS" MODIFY ("NAME" NOT NULL ENABLE);
  ALTER TABLE "MEDICALCLINIC"."CLINICS" MODIFY ("ID_CLINICS" NOT NULL ENABLE);
--------------------------------------------------------
--  Constraints for Table PROVINCE
--------------------------------------------------------

  ALTER TABLE "MEDICALCLINIC"."PROVINCE" ADD CONSTRAINT "ID_PROVINCE" PRIMARY KEY ("ID_PROVINCE")
  USING INDEX PCTFREE 10 INITRANS 2 MAXTRANS 255 COMPUTE STATISTICS 
  STORAGE(INITIAL 65536 NEXT 1048576 MINEXTENTS 1 MAXEXTENTS 2147483645
  PCTINCREASE 0 FREELISTS 1 FREELIST GROUPS 1 BUFFER_POOL DEFAULT FLASH_CACHE DEFAULT CELL_FLASH_CACHE DEFAULT)
  TABLESPACE "USERS"  ENABLE;
  ALTER TABLE "MEDICALCLINIC"."PROVINCE" MODIFY ("NAME" NOT NULL ENABLE);
  ALTER TABLE "MEDICALCLINIC"."PROVINCE" MODIFY ("ID_PROVINCE" NOT NULL ENABLE);
--------------------------------------------------------
--  Constraints for Table LEAVE_DOCTOR
--------------------------------------------------------

  ALTER TABLE "MEDICALCLINIC"."LEAVE_DOCTOR" ADD CONSTRAINT "LEAVE_DOCTOR_PK" PRIMARY KEY ("ID_LEAVE")
  USING INDEX PCTFREE 10 INITRANS 2 MAXTRANS 255 COMPUTE STATISTICS 
  STORAGE(INITIAL 65536 NEXT 1048576 MINEXTENTS 1 MAXEXTENTS 2147483645
  PCTINCREASE 0 FREELISTS 1 FREELIST GROUPS 1 BUFFER_POOL DEFAULT FLASH_CACHE DEFAULT CELL_FLASH_CACHE DEFAULT)
  TABLESPACE "USERS"  ENABLE;
  ALTER TABLE "MEDICALCLINIC"."LEAVE_DOCTOR" MODIFY ("DATE_TO" NOT NULL ENABLE);
  ALTER TABLE "MEDICALCLINIC"."LEAVE_DOCTOR" MODIFY ("DATE_FORM" NOT NULL ENABLE);
  ALTER TABLE "MEDICALCLINIC"."LEAVE_DOCTOR" MODIFY ("ID_DOCTOR" NOT NULL ENABLE);
  ALTER TABLE "MEDICALCLINIC"."LEAVE_DOCTOR" MODIFY ("ID_LEAVE" NOT NULL ENABLE);
--------------------------------------------------------
--  Constraints for Table COUNTIES
--------------------------------------------------------

  ALTER TABLE "MEDICALCLINIC"."COUNTIES" ADD CONSTRAINT "COUNTIES_PK" PRIMARY KEY ("ID_COUNTIES")
  USING INDEX PCTFREE 10 INITRANS 2 MAXTRANS 255 COMPUTE STATISTICS 
  STORAGE(INITIAL 65536 NEXT 1048576 MINEXTENTS 1 MAXEXTENTS 2147483645
  PCTINCREASE 0 FREELISTS 1 FREELIST GROUPS 1 BUFFER_POOL DEFAULT FLASH_CACHE DEFAULT CELL_FLASH_CACHE DEFAULT)
  TABLESPACE "USERS"  ENABLE;
  ALTER TABLE "MEDICALCLINIC"."COUNTIES" MODIFY ("NAME" NOT NULL ENABLE);
  ALTER TABLE "MEDICALCLINIC"."COUNTIES" MODIFY ("ID_PROVINCE" NOT NULL ENABLE);
  ALTER TABLE "MEDICALCLINIC"."COUNTIES" MODIFY ("ID_COUNTIES" NOT NULL ENABLE);
--------------------------------------------------------
--  Constraints for Table NURSE
--------------------------------------------------------

  ALTER TABLE "MEDICALCLINIC"."NURSE" ADD CONSTRAINT "NURSE_PK" PRIMARY KEY ("ID_NURSE")
  USING INDEX PCTFREE 10 INITRANS 2 MAXTRANS 255 COMPUTE STATISTICS 
  STORAGE(INITIAL 65536 NEXT 1048576 MINEXTENTS 1 MAXEXTENTS 2147483645
  PCTINCREASE 0 FREELISTS 1 FREELIST GROUPS 1 BUFFER_POOL DEFAULT FLASH_CACHE DEFAULT CELL_FLASH_CACHE DEFAULT)
  TABLESPACE "USERS"  ENABLE;
  ALTER TABLE "MEDICALCLINIC"."NURSE" MODIFY ("POSITION" NOT NULL ENABLE);
  ALTER TABLE "MEDICALCLINIC"."NURSE" MODIFY ("SURNAME" NOT NULL ENABLE);
  ALTER TABLE "MEDICALCLINIC"."NURSE" MODIFY ("NAME" NOT NULL ENABLE);
  ALTER TABLE "MEDICALCLINIC"."NURSE" MODIFY ("ID_NURSE" NOT NULL ENABLE);
--------------------------------------------------------
--  Constraints for Table DISEASES
--------------------------------------------------------

  ALTER TABLE "MEDICALCLINIC"."DISEASES" ADD CONSTRAINT "DISEASES_PK" PRIMARY KEY ("ID_DISEASES")
  USING INDEX PCTFREE 10 INITRANS 2 MAXTRANS 255 COMPUTE STATISTICS 
  STORAGE(INITIAL 65536 NEXT 1048576 MINEXTENTS 1 MAXEXTENTS 2147483645
  PCTINCREASE 0 FREELISTS 1 FREELIST GROUPS 1 BUFFER_POOL DEFAULT FLASH_CACHE DEFAULT CELL_FLASH_CACHE DEFAULT)
  TABLESPACE "USERS"  ENABLE;
  ALTER TABLE "MEDICALCLINIC"."DISEASES" MODIFY ("NAME" NOT NULL ENABLE);
  ALTER TABLE "MEDICALCLINIC"."DISEASES" MODIFY ("ID_DISEASES" NOT NULL ENABLE);
--------------------------------------------------------
--  Constraints for Table PATIENT
--------------------------------------------------------

  ALTER TABLE "MEDICALCLINIC"."PATIENT" ADD CONSTRAINT "PATIRNT_PK" PRIMARY KEY ("ID_PATIENT")
  USING INDEX PCTFREE 10 INITRANS 2 MAXTRANS 255 COMPUTE STATISTICS 
  STORAGE(INITIAL 65536 NEXT 1048576 MINEXTENTS 1 MAXEXTENTS 2147483645
  PCTINCREASE 0 FREELISTS 1 FREELIST GROUPS 1 BUFFER_POOL DEFAULT FLASH_CACHE DEFAULT CELL_FLASH_CACHE DEFAULT)
  TABLESPACE "USERS"  ENABLE;
  ALTER TABLE "MEDICALCLINIC"."PATIENT" MODIFY ("ID_ADDRESS" NOT NULL ENABLE);
  ALTER TABLE "MEDICALCLINIC"."PATIENT" MODIFY ("SURNAME" NOT NULL ENABLE);
  ALTER TABLE "MEDICALCLINIC"."PATIENT" MODIFY ("NAME" NOT NULL ENABLE);
  ALTER TABLE "MEDICALCLINIC"."PATIENT" MODIFY ("ID_PATIENT" NOT NULL ENABLE);
--------------------------------------------------------
--  Constraints for Table SPECJALITY_DOCTOR
--------------------------------------------------------

  ALTER TABLE "MEDICALCLINIC"."SPECJALITY_DOCTOR" ADD CONSTRAINT "SPECJALITY_DOCTOR_PK" PRIMARY KEY ("ID_SPECJALITY_DOCTOR")
  USING INDEX PCTFREE 10 INITRANS 2 MAXTRANS 255 COMPUTE STATISTICS 
  STORAGE(INITIAL 65536 NEXT 1048576 MINEXTENTS 1 MAXEXTENTS 2147483645
  PCTINCREASE 0 FREELISTS 1 FREELIST GROUPS 1 BUFFER_POOL DEFAULT FLASH_CACHE DEFAULT CELL_FLASH_CACHE DEFAULT)
  TABLESPACE "USERS"  ENABLE;
  ALTER TABLE "MEDICALCLINIC"."SPECJALITY_DOCTOR" MODIFY ("ID_SPECJALITY" NOT NULL ENABLE);
  ALTER TABLE "MEDICALCLINIC"."SPECJALITY_DOCTOR" MODIFY ("ID_DOCTOR" NOT NULL ENABLE);
  ALTER TABLE "MEDICALCLINIC"."SPECJALITY_DOCTOR" MODIFY ("ID_SPECJALITY_DOCTOR" NOT NULL ENABLE);
--------------------------------------------------------
--  Constraints for Table POST_OFFICE
--------------------------------------------------------

  ALTER TABLE "MEDICALCLINIC"."POST_OFFICE" ADD CONSTRAINT "POST_OFFICE_PK" PRIMARY KEY ("ID_POSTOFFICE")
  USING INDEX PCTFREE 10 INITRANS 2 MAXTRANS 255 COMPUTE STATISTICS 
  STORAGE(INITIAL 65536 NEXT 1048576 MINEXTENTS 1 MAXEXTENTS 2147483645
  PCTINCREASE 0 FREELISTS 1 FREELIST GROUPS 1 BUFFER_POOL DEFAULT FLASH_CACHE DEFAULT CELL_FLASH_CACHE DEFAULT)
  TABLESPACE "USERS"  ENABLE;
  ALTER TABLE "MEDICALCLINIC"."POST_OFFICE" MODIFY ("CODE" NOT NULL ENABLE);
  ALTER TABLE "MEDICALCLINIC"."POST_OFFICE" MODIFY ("ID_LOCALITY" NOT NULL ENABLE);
  ALTER TABLE "MEDICALCLINIC"."POST_OFFICE" MODIFY ("ID_POSTOFFICE" NOT NULL ENABLE);
--------------------------------------------------------
--  Constraints for Table DEPARTMENT
--------------------------------------------------------

  ALTER TABLE "MEDICALCLINIC"."DEPARTMENT" ADD CONSTRAINT "DEPARTMENT_PK" PRIMARY KEY ("DEPARTMENT_ID")
  USING INDEX PCTFREE 10 INITRANS 2 MAXTRANS 255 
  STORAGE(INITIAL 65536 NEXT 1048576 MINEXTENTS 1 MAXEXTENTS 2147483645
  PCTINCREASE 0 FREELISTS 1 FREELIST GROUPS 1 BUFFER_POOL DEFAULT FLASH_CACHE DEFAULT CELL_FLASH_CACHE DEFAULT)
  TABLESPACE "USERS"  ENABLE;
  ALTER TABLE "MEDICALCLINIC"."DEPARTMENT" MODIFY ("DPT_NAME" NOT NULL ENABLE);
  ALTER TABLE "MEDICALCLINIC"."DEPARTMENT" MODIFY ("DEPARTMENT_ID" NOT NULL ENABLE);
--------------------------------------------------------
--  Constraints for Table DRUGS
--------------------------------------------------------

  ALTER TABLE "MEDICALCLINIC"."DRUGS" ADD CONSTRAINT "DRUGS_PK" PRIMARY KEY ("ID_DURGS")
  USING INDEX PCTFREE 10 INITRANS 2 MAXTRANS 255 COMPUTE STATISTICS 
  STORAGE(INITIAL 65536 NEXT 1048576 MINEXTENTS 1 MAXEXTENTS 2147483645
  PCTINCREASE 0 FREELISTS 1 FREELIST GROUPS 1 BUFFER_POOL DEFAULT FLASH_CACHE DEFAULT CELL_FLASH_CACHE DEFAULT)
  TABLESPACE "USERS"  ENABLE;
  ALTER TABLE "MEDICALCLINIC"."DRUGS" MODIFY ("NAME" NOT NULL ENABLE);
  ALTER TABLE "MEDICALCLINIC"."DRUGS" MODIFY ("ID_DURGS" NOT NULL ENABLE);
--------------------------------------------------------
--  Constraints for Table VISITS
--------------------------------------------------------

  ALTER TABLE "MEDICALCLINIC"."VISITS" MODIFY ("ID_DOCTOR" NOT NULL ENABLE);
  ALTER TABLE "MEDICALCLINIC"."VISITS" MODIFY ("DATE_VISIT" NOT NULL ENABLE);
  ALTER TABLE "MEDICALCLINIC"."VISITS" ADD CONSTRAINT "VISITS_PK" PRIMARY KEY ("ID_VISITS")
  USING INDEX PCTFREE 10 INITRANS 2 MAXTRANS 255 COMPUTE STATISTICS 
  STORAGE(INITIAL 65536 NEXT 1048576 MINEXTENTS 1 MAXEXTENTS 2147483645
  PCTINCREASE 0 FREELISTS 1 FREELIST GROUPS 1 BUFFER_POOL DEFAULT FLASH_CACHE DEFAULT CELL_FLASH_CACHE DEFAULT)
  TABLESPACE "USERS"  ENABLE;
  ALTER TABLE "MEDICALCLINIC"."VISITS" MODIFY ("ID_PATIENT" NOT NULL ENABLE);
  ALTER TABLE "MEDICALCLINIC"."VISITS" MODIFY ("ID_DISEASES" NOT NULL ENABLE);
  ALTER TABLE "MEDICALCLINIC"."VISITS" MODIFY ("ID_VISITS" NOT NULL ENABLE);
--------------------------------------------------------
--  Ref Constraints for Table ADDRESS
--------------------------------------------------------

  ALTER TABLE "MEDICALCLINIC"."ADDRESS" ADD CONSTRAINT "ADDRESS_FK1" FOREIGN KEY ("ID_LOCALITY")
	  REFERENCES "MEDICALCLINIC"."LOCALITY" ("ID_LOCALITY") ENABLE;
  ALTER TABLE "MEDICALCLINIC"."ADDRESS" ADD CONSTRAINT "ADDRESS_FK2" FOREIGN KEY ("ID_POSTOFFICE")
	  REFERENCES "MEDICALCLINIC"."POST_OFFICE" ("ID_POSTOFFICE") ENABLE;
  ALTER TABLE "MEDICALCLINIC"."ADDRESS" ADD CONSTRAINT "ADDRESS_FK3" FOREIGN KEY ("ID_STREETS")
	  REFERENCES "MEDICALCLINIC"."STREETS" ("ID_STREETS") ENABLE;
  ALTER TABLE "MEDICALCLINIC"."ADDRESS" ADD CONSTRAINT "ADDRESS_FK4" FOREIGN KEY ("ID_COUNTIES")
	  REFERENCES "MEDICALCLINIC"."COUNTIES" ("ID_COUNTIES") ENABLE;
--------------------------------------------------------
--  Ref Constraints for Table COMMISSIONED_HEALTH_CHECK
--------------------------------------------------------

  ALTER TABLE "MEDICALCLINIC"."COMMISSIONED_HEALTH_CHECK" ADD CONSTRAINT "COMMISSIONED_HEALTH_CHECK_FK1" FOREIGN KEY ("ID_HEALTH")
	  REFERENCES "MEDICALCLINIC"."HEALTH_CHECK" ("ID_HEALTH") ENABLE;
  ALTER TABLE "MEDICALCLINIC"."COMMISSIONED_HEALTH_CHECK" ADD CONSTRAINT "COMMISSIONED_HEALTH_CHECK_FK2" FOREIGN KEY ("ID_CHC")
	  REFERENCES "MEDICALCLINIC"."VISITS" ("ID_VISITS") ON DELETE CASCADE ENABLE;
  ALTER TABLE "MEDICALCLINIC"."COMMISSIONED_HEALTH_CHECK" ADD CONSTRAINT "COMMISSIONED_HEALTH_CHECK_FK3" FOREIGN KEY ("ID_PATIENT")
	  REFERENCES "MEDICALCLINIC"."PATIENT" ("ID_PATIENT") ENABLE;
--------------------------------------------------------
--  Ref Constraints for Table COUNTIES
--------------------------------------------------------

  ALTER TABLE "MEDICALCLINIC"."COUNTIES" ADD CONSTRAINT "COUNTIES_FK1" FOREIGN KEY ("ID_PROVINCE")
	  REFERENCES "MEDICALCLINIC"."PROVINCE" ("ID_PROVINCE") ENABLE;
--------------------------------------------------------
--  Ref Constraints for Table DOCTOR_OFFICE_HOURS
--------------------------------------------------------

  ALTER TABLE "MEDICALCLINIC"."DOCTOR_OFFICE_HOURS" ADD CONSTRAINT "DOCTOR_OFFICE_HOURS_FK1" FOREIGN KEY ("ID_DOC")
	  REFERENCES "MEDICALCLINIC"."DOCTOR" ("ID_DOCTOR") ENABLE;
  ALTER TABLE "MEDICALCLINIC"."DOCTOR_OFFICE_HOURS" ADD CONSTRAINT "DOCTOR_OFFICE_HOURS_FK2" FOREIGN KEY ("ID_CLINICS")
	  REFERENCES "MEDICALCLINIC"."CLINICS" ("ID_CLINICS") ENABLE;
--------------------------------------------------------
--  Ref Constraints for Table EMPLOYEE
--------------------------------------------------------

  ALTER TABLE "MEDICALCLINIC"."EMPLOYEE" ADD CONSTRAINT "EMPLOYEE_FK1" FOREIGN KEY ("DEPARTMENT_ID")
	  REFERENCES "MEDICALCLINIC"."DEPARTMENT" ("DEPARTMENT_ID") ENABLE;
--------------------------------------------------------
--  Ref Constraints for Table HISTORY_DISEASES
--------------------------------------------------------

  ALTER TABLE "MEDICALCLINIC"."HISTORY_DISEASES" ADD CONSTRAINT "HISTORY_DISEASES_FK1" FOREIGN KEY ("ID_DISEASES")
	  REFERENCES "MEDICALCLINIC"."DISEASES" ("ID_DISEASES") ON DELETE CASCADE ENABLE;
  ALTER TABLE "MEDICALCLINIC"."HISTORY_DISEASES" ADD CONSTRAINT "HISTORY_DISEASES_FK2" FOREIGN KEY ("ID_VISITS")
	  REFERENCES "MEDICALCLINIC"."VISITS" ("ID_VISITS") ON DELETE CASCADE ENABLE;
  ALTER TABLE "MEDICALCLINIC"."HISTORY_DISEASES" ADD CONSTRAINT "HISTORY_DISEASES_FK3" FOREIGN KEY ("ID_PATIENT")
	  REFERENCES "MEDICALCLINIC"."PATIENT" ("ID_PATIENT") ON DELETE CASCADE ENABLE;
--------------------------------------------------------
--  Ref Constraints for Table LEAVE_DOCTOR
--------------------------------------------------------

  ALTER TABLE "MEDICALCLINIC"."LEAVE_DOCTOR" ADD CONSTRAINT "LEAVE_DOCTOR_FK1" FOREIGN KEY ("ID_DOCTOR")
	  REFERENCES "MEDICALCLINIC"."DOCTOR" ("ID_DOCTOR") ENABLE;
--------------------------------------------------------
--  Ref Constraints for Table PATIENT
--------------------------------------------------------

  ALTER TABLE "MEDICALCLINIC"."PATIENT" ADD CONSTRAINT "PATIRNT_FK1" FOREIGN KEY ("ID_ADDRESS")
	  REFERENCES "MEDICALCLINIC"."ADDRESS" ("ID_ADDRESS") ENABLE;
--------------------------------------------------------
--  Ref Constraints for Table POST_OFFICE
--------------------------------------------------------

  ALTER TABLE "MEDICALCLINIC"."POST_OFFICE" ADD CONSTRAINT "POST_OFFICE_FK1" FOREIGN KEY ("ID_LOCALITY")
	  REFERENCES "MEDICALCLINIC"."LOCALITY" ("ID_LOCALITY") ENABLE;
--------------------------------------------------------
--  Ref Constraints for Table PRESCRIPTION
--------------------------------------------------------

  ALTER TABLE "MEDICALCLINIC"."PRESCRIPTION" ADD CONSTRAINT "PRESCRIPTION_FK1" FOREIGN KEY ("ID_PATIENT")
	  REFERENCES "MEDICALCLINIC"."PATIENT" ("ID_PATIENT") ENABLE;
--------------------------------------------------------
--  Ref Constraints for Table SAVE_DRUGS
--------------------------------------------------------

  ALTER TABLE "MEDICALCLINIC"."SAVE_DRUGS" ADD CONSTRAINT "SAVE_DRUGS_FK1" FOREIGN KEY ("ID_VISITS")
	  REFERENCES "MEDICALCLINIC"."VISITS" ("ID_VISITS") ENABLE;
  ALTER TABLE "MEDICALCLINIC"."SAVE_DRUGS" ADD CONSTRAINT "SAVE_DRUGS_FK2" FOREIGN KEY ("ID_SD")
	  REFERENCES "MEDICALCLINIC"."DRUGS" ("ID_DURGS") ENABLE;
  ALTER TABLE "MEDICALCLINIC"."SAVE_DRUGS" ADD CONSTRAINT "SAVE_DRUGS_FK3" FOREIGN KEY ("ID_PATIENT")
	  REFERENCES "MEDICALCLINIC"."PATIENT" ("ID_PATIENT") ON DELETE CASCADE ENABLE;
--------------------------------------------------------
--  Ref Constraints for Table SCHEDULE_VISITS
--------------------------------------------------------

  ALTER TABLE "MEDICALCLINIC"."SCHEDULE_VISITS" ADD CONSTRAINT "SCHEDULE_VISITS_FK1" FOREIGN KEY ("ID_DOCTOR")
	  REFERENCES "MEDICALCLINIC"."DOCTOR" ("ID_DOCTOR") ENABLE;
  ALTER TABLE "MEDICALCLINIC"."SCHEDULE_VISITS" ADD CONSTRAINT "SCHEDULE_VISITS_FK2" FOREIGN KEY ("ID_PATIENT")
	  REFERENCES "MEDICALCLINIC"."PATIENT" ("ID_PATIENT") ENABLE;
  ALTER TABLE "MEDICALCLINIC"."SCHEDULE_VISITS" ADD CONSTRAINT "SCHEDULE_VISITS_FK3" FOREIGN KEY ("ID_CLINICS")
	  REFERENCES "MEDICALCLINIC"."CLINICS" ("ID_CLINICS") ENABLE;
--------------------------------------------------------
--  Ref Constraints for Table SPECJALITY_DOCTOR
--------------------------------------------------------

  ALTER TABLE "MEDICALCLINIC"."SPECJALITY_DOCTOR" ADD CONSTRAINT "SPECJALITY_DOCTOR_FK1" FOREIGN KEY ("ID_DOCTOR")
	  REFERENCES "MEDICALCLINIC"."DOCTOR" ("ID_DOCTOR") ENABLE;
  ALTER TABLE "MEDICALCLINIC"."SPECJALITY_DOCTOR" ADD CONSTRAINT "SPECJALITY_DOCTOR_FK2" FOREIGN KEY ("ID_SPECJALITY")
	  REFERENCES "MEDICALCLINIC"."SPECJALITY" ("ID_SPECJALITY") ENABLE;
--------------------------------------------------------
--  Ref Constraints for Table USERS
--------------------------------------------------------

  ALTER TABLE "MEDICALCLINIC"."USERS" ADD CONSTRAINT "USERS_FK1" FOREIGN KEY ("ID_DOCTOR")
	  REFERENCES "MEDICALCLINIC"."DOCTOR" ("ID_DOCTOR") ENABLE;
  ALTER TABLE "MEDICALCLINIC"."USERS" ADD CONSTRAINT "USERS_FK2" FOREIGN KEY ("ID_NURSE")
	  REFERENCES "MEDICALCLINIC"."NURSE" ("ID_NURSE") ENABLE;
  ALTER TABLE "MEDICALCLINIC"."USERS" ADD CONSTRAINT "USERS_FK3" FOREIGN KEY ("ID_PATIENT")
	  REFERENCES "MEDICALCLINIC"."PATIENT" ("ID_PATIENT") ENABLE;
  ALTER TABLE "MEDICALCLINIC"."USERS" ADD CONSTRAINT "USERS_FK4" FOREIGN KEY ("ID_PERMISSIONS")
	  REFERENCES "MEDICALCLINIC"."PERMISSIONS" ("ID_PERMISSIONS") ENABLE;
--------------------------------------------------------
--  Ref Constraints for Table VISITS
--------------------------------------------------------

  ALTER TABLE "MEDICALCLINIC"."VISITS" ADD CONSTRAINT "VISITS_FK1" FOREIGN KEY ("ID_DISEASES")
	  REFERENCES "MEDICALCLINIC"."DISEASES" ("ID_DISEASES") ON DELETE CASCADE ENABLE;
  ALTER TABLE "MEDICALCLINIC"."VISITS" ADD CONSTRAINT "VISITS_FK2" FOREIGN KEY ("ID_PATIENT")
	  REFERENCES "MEDICALCLINIC"."PATIENT" ("ID_PATIENT") ON DELETE CASCADE ENABLE;
  ALTER TABLE "MEDICALCLINIC"."VISITS" ADD CONSTRAINT "VISITS_FK3" FOREIGN KEY ("ID_DOCTOR")
	  REFERENCES "MEDICALCLINIC"."DOCTOR" ("ID_DOCTOR") ENABLE;
